搜尋關鍵字,播放清單名稱,播放清單ID,播放清單連結
輕鬆 搖滾,輕鬆搖滾,0R21OUoONpgWhmJdJYHL7n,https://open.spotify.com/playlist/0R21OUoONpgWhmJdJYHL7n
輕鬆 搖滾,輕鬆+台式搖滾,1ifltHUk9JkBApncrICr7G,https://open.spotify.com/playlist/1ifltHUk9JkBApncrICr7G
輕鬆 嘻哈,chinese rnb ☁️,7gPJDy3cH5ApojyPzSQ34L,https://open.spotify.com/playlist/7gPJDy3cH5ApojyPzSQ34L
輕鬆 嘻哈,輕鬆又嘻哈的高級氛圍🖤,6zcxJJ1lSg8y6iueIPLddo,https://open.spotify.com/playlist/6zcxJJ1lSg8y6iueIPLddo
輕鬆 嘻哈,Chinese Soft Rap 華語輕饒舌,4jgdtBtJ5XBwvh7Sq984HM,https://open.spotify.com/playlist/4jgdtBtJ5XBwvh7Sq984HM
輕鬆 嘻哈,輕鬆的狀態,0Lh3AC4rIRKof12LGNa8k1,https://open.spotify.com/playlist/0Lh3AC4rIRKof12LGNa8k1
輕鬆 電子,專注工作(輕電子),5YuNJ70W5efb9CxiWS7zo9,https://open.spotify.com/playlist/5YuNJ70W5efb9CxiWS7zo9
輕鬆 電子,輕鬆電子,0D9jjfIPz6BHFBAgdfQ8yN,https://open.spotify.com/playlist/0D9jjfIPz6BHFBAgdfQ8yN
輕鬆 電子,港式MK歌 & Remix,4qFy0XSpgLqpmiE7XERnIx,https://open.spotify.com/playlist/4qFy0XSpgLqpmiE7XERnIx
輕鬆 古典,綠鋼琴／綠森林／古典鋼琴／現代鋼琴／助眠樂曲,1XNQrrbUPfdyGzSkdwDSqK,https://open.spotify.com/playlist/1XNQrrbUPfdyGzSkdwDSqK
輕鬆 古典,放輕鬆，聽古典 Classical Chill,1GvDXtnKxOyIhph7CUTFMP,https://open.spotify.com/playlist/1GvDXtnKxOyIhph7CUTFMP
輕鬆 古典,寶寶睡眠鋼琴 輕柔旋律入夢鄉 Babe Sleep Piano Lullaby with Soothing Melody,6uY9t0E69Okxx61WRbEmcA,https://open.spotify.com/playlist/6uY9t0E69Okxx61WRbEmcA
輕鬆 古典,貴族音樂古典  睡眠導入舒心大提琴: 鋼琴放鬆輕聽,70Srko2ljmB29ZmALeEsy2,https://open.spotify.com/playlist/70Srko2ljmB29ZmALeEsy2
輕鬆 藍調,國語兒歌,4R2qiFyK1slDblZx4bHN7o,https://open.spotify.com/playlist/4R2qiFyK1slDblZx4bHN7o
輕鬆 藍調,#4 Ocean Breeze/Music for better sleep,23TlETlWrojZvlAHSnYEMP,https://open.spotify.com/playlist/23TlETlWrojZvlAHSnYEMP
輕鬆 舞曲,Bossa Nova/慵懒风情,16r2jV9fIrAywM18J6gxo1,https://open.spotify.com/playlist/16r2jV9fIrAywM18J6gxo1
輕鬆 舞曲,輕鬆不插電,6lqiAAzdUs1LUBqcoJSRXB,https://open.spotify.com/playlist/6lqiAAzdUs1LUBqcoJSRXB
輕鬆 舞曲,陳老師的輕鬆舞曲,7iQsxLxlwJIi6MhQ0rp46V,https://open.spotify.com/playlist/7iQsxLxlwJIi6MhQ0rp46V
輕鬆 舞曲,港式MK歌 & Remix,4qFy0XSpgLqpmiE7XERnIx,https://open.spotify.com/playlist/4qFy0XSpgLqpmiE7XERnIx
輕鬆 靈魂,#1 Floating Slumber / Music for better sleep,3L0auc8C7T3NMxev9ue2sh,https://open.spotify.com/playlist/3L0auc8C7T3NMxev9ue2sh
輕鬆 靈魂,秋日早晨的輕鬆爵士與靈魂,5tSk1lxSgqFdVyni6fHQKZ,https://open.spotify.com/playlist/5tSk1lxSgqFdVyni6fHQKZ
輕鬆 鋼琴,華語流行 鋼琴純音樂 C-POP Piano Cover,43Gw1bW0AzdnQy2bYd255S,https://open.spotify.com/playlist/43Gw1bW0AzdnQy2bYd255S
輕鬆 鋼琴,鋼琴輕音樂：迪士尼動畫精選 Disney Piano Music for Relaxtion,5tOOcPdQCZk2lqvfH03yX4,https://open.spotify.com/playlist/5tOOcPdQCZk2lqvfH03yX4
輕鬆 鋼琴,輕音樂 睡眠音樂  鋼琴音樂 Piano Sleep Music,26WpufxOKwrupqN5MNBnSF,https://open.spotify.com/playlist/26WpufxOKwrupqN5MNBnSF
輕鬆 鋼琴,咖啡廳音樂 Relaxing Coffee Music BGM,2pR8oELXQ2GjluBbPNzdao,https://open.spotify.com/playlist/2pR8oELXQ2GjluBbPNzdao
輕鬆 鋼琴,睡眠 放鬆催眠旋律 療癒 純音樂 鋼琴曲 Sleepy Melody Before Bedtime,5ItLGUQo4uJdWNyP7KMM8R,https://open.spotify.com/playlist/5ItLGUQo4uJdWNyP7KMM8R
輕鬆 環境音樂,寶寶睡眠鋼琴 輕柔旋律入夢鄉 Babe Sleep Piano Lullaby with Soothing Melody,6uY9t0E69Okxx61WRbEmcA,https://open.spotify.com/playlist/6uY9t0E69Okxx61WRbEmcA
輕鬆 環境音樂,咖啡廳音樂,3INRTaUTylsbHfY1VSnWUV,https://open.spotify.com/playlist/3INRTaUTylsbHfY1VSnWUV
輕鬆 環境音樂,寶寶睡眠鋼琴 輕柔旋律入夢鄉 Babe Sleep Piano Lullaby with Soothing Melody,5WaBhS38CQhBzziDtvfJ1x,https://open.spotify.com/playlist/5WaBhS38CQhBzziDtvfJ1x
輕鬆 獨立音樂,Taiwan Indie Radio 台灣硬地電台 Chill R&B Laid-back groovy 好聽 獨立 地下 樂團 臥室 音樂 窮苦 哀傷 文青 輕音樂 輕鬆開車 金曲 金音精選 ,62iAKtAm5wOXLY9hQSoAf3,https://open.spotify.com/playlist/62iAKtAm5wOXLY9hQSoAf3
放鬆 搖滾,孤獨搖滾！ OP ED OST,3kUiX4VR4971ukNjAegCuG,https://open.spotify.com/playlist/3kUiX4VR4971ukNjAegCuG
放鬆 搖滾,HappyRuff 狗-放鬆軟搖,2heLW56kYWyjpKAEupQ2yl,https://open.spotify.com/playlist/2heLW56kYWyjpKAEupQ2yl
放鬆 搖滾,好像有點油又不太油,4V0JdCmD48qj17r2o4S6yY,https://open.spotify.com/playlist/4V0JdCmD48qj17r2o4S6yY
放鬆 搖滾,KTV必點歌單 獨立/搖滾/抒情,1sDGBo68A87F4IUP6Iphc0,https://open.spotify.com/playlist/1sDGBo68A87F4IUP6Iphc0
放鬆 搖滾,⛺️凹豆咖快看！ 露營放鬆的⚡️鄉村搖滾樂 (2),3v7gEvpa38mxy5vFgT3U5o,https://open.spotify.com/playlist/3v7gEvpa38mxy5vFgT3U5o
放鬆 嘻哈,大嘻哈時代2,2OiljIZqhGn82aNTkBQdQB,https://open.spotify.com/playlist/2OiljIZqhGn82aNTkBQdQB
放鬆 嘻哈,chinese rnb ☁️,7gPJDy3cH5ApojyPzSQ34L,https://open.spotify.com/playlist/7gPJDy3cH5ApojyPzSQ34L
放鬆 嘻哈,HIP-HOP 瘋嘻哈,7iUxqpNMoJ1pGhKLgwh2jk,https://open.spotify.com/playlist/7iUxqpNMoJ1pGhKLgwh2jk
放鬆 嘻哈,K-HIPHOP (korean rap),1tdi78egHydNAeNwCggJ0Q,https://open.spotify.com/playlist/1tdi78egHydNAeNwCggJ0Q
放鬆 嘻哈,"中文融合音樂 (Chinese - Fussion) ,爵士,嘻哈,放客,饒舌,迪斯可,獨立音樂,9m88,吳卓源,異鄉人,J-Sheon",0SgsbUJdpRXdz3Tfr7iiZE,https://open.spotify.com/playlist/0SgsbUJdpRXdz3Tfr7iiZE
放鬆 電子,心震えるエレクトロニカ,7u9cJbPuMbkmlNyOPzRCEj,https://open.spotify.com/playlist/7u9cJbPuMbkmlNyOPzRCEj
放鬆 電子,電子放鬆 夏日,2xKnTFdDINRuI0ekJL9ycZ,https://open.spotify.com/playlist/2xKnTFdDINRuI0ekJL9ycZ
放鬆 電子,慢搖 Downtempo,68m7VUEJqNJdYk9nQubmqF,https://open.spotify.com/playlist/68m7VUEJqNJdYk9nQubmqF
放鬆 電子, (電子放鬆)Indie Electro Relax ,216GtEpZNi87G1tdakSHge,https://open.spotify.com/playlist/216GtEpZNi87G1tdakSHge
放鬆 電子,DEEP HOUSE COMERCIAL,0HlgJNgqmdWBauk85aHGo9,https://open.spotify.com/playlist/0HlgJNgqmdWBauk85aHGo9
放鬆 民謠,柔美豎琴音 恬適睡眠 Healing Harp Melody to Sleep,3TlrtrCCQSwYEciPUFA6Cy,https://open.spotify.com/playlist/3TlrtrCCQSwYEciPUFA6Cy
放鬆 爵士,渡假放鬆輕爵士 Jazz & Bossa Vacation Music,0Udg4PK527sPTsJylq0q2X,https://open.spotify.com/playlist/0Udg4PK527sPTsJylq0q2X
放鬆 爵士,Bossa Nova / 慵懒风情,16r2jV9fIrAywM18J6gxo1,https://open.spotify.com/playlist/16r2jV9fIrAywM18J6gxo1
放鬆 爵士,咖啡廳音樂 Relaxing Coffee Music BGM,2pR8oELXQ2GjluBbPNzdao,https://open.spotify.com/playlist/2pR8oELXQ2GjluBbPNzdao
放鬆 爵士,c'est la vie 香榭咖啡館,1FwqaXHURH4cfO8yFV8hj1,https://open.spotify.com/playlist/1FwqaXHURH4cfO8yFV8hj1
放鬆 爵士,咖啡館音樂–放鬆鋼琴爵士樂 (2),35wyGloX7qcWbJ6fJFbPKP,https://open.spotify.com/playlist/35wyGloX7qcWbJ6fJFbPKP
放鬆 藍調,孫燕姿AUT NIHILO 就在日落以後巡迴演唱會 STEFANIE SUN YANZI 孙燕姿就在日落以后,3ngRXxtvapmagiVu9xBJ0J,https://open.spotify.com/playlist/3ngRXxtvapmagiVu9xBJ0J
放鬆 藍調,周杰倫鋼琴曲純音樂 Jay Chou Piano Instrumental Collection,3flvKsF98ffXbofDaniZbk,https://open.spotify.com/playlist/3flvKsF98ffXbofDaniZbk
放鬆 藍調,鋼琴.靜心Piano Peace,5i74RPYDbNJqf0KtDUa2G2,https://open.spotify.com/playlist/5i74RPYDbNJqf0KtDUa2G2
放鬆 藍調,艾奧迪 Ludovico Einaudi 名曲精選,6KRxzAzfXg9ND4Xzvza3I6,https://open.spotify.com/playlist/6KRxzAzfXg9ND4Xzvza3I6
放鬆 藍調,周傳雄＋王傑＋張信哲＋林隆璇＋薛岳＋李壽全＋鍾鎮濤,6LugHVQ9S2bVyAZKTMwUUX,https://open.spotify.com/playlist/6LugHVQ9S2bVyAZKTMwUUX
放鬆 雷鬼,HappyRuff 狗-放鬆雷鬼,00lGp6463dKIZklXfIXyww,https://open.spotify.com/playlist/00lGp6463dKIZklXfIXyww
放鬆 雷鬼,Happy Ruff 狗-放鬆雷鬼 vol.2,2SyCBAYzdbkcXFIr6yMqsr,https://open.spotify.com/playlist/2SyCBAYzdbkcXFIr6yMqsr
放鬆 雷鬼,雷鬼或放鬆,0xAqyKPFFgU0qa9LPzrBwY,https://open.spotify.com/playlist/0xAqyKPFFgU0qa9LPzrBwY
放鬆 舞曲,最好聽粵語廣東歌曲 Best Cantonese Songs,2v0mxzm6LCcmBVqRPwzvdM,https://open.spotify.com/playlist/2v0mxzm6LCcmBVqRPwzvdM
放鬆 舞曲,Bossa Nova/慵懒风情,16r2jV9fIrAywM18J6gxo1,https://open.spotify.com/playlist/16r2jV9fIrAywM18J6gxo1
放鬆 舞曲,輕鬆不插電,6lqiAAzdUs1LUBqcoJSRXB,https://open.spotify.com/playlist/6lqiAAzdUs1LUBqcoJSRXB
放鬆 舞曲,開店 迪斯可 放可 舞曲,1Md6oSrOXbSpplTy9UgLDh,https://open.spotify.com/playlist/1Md6oSrOXbSpplTy9UgLDh
放鬆 舞曲,社交舞曲,47K9RAhNcfkXE5gurJNV87,https://open.spotify.com/playlist/47K9RAhNcfkXE5gurJNV87
放鬆 鄉村,⛺️凹豆咖快看！ 露營放鬆的⚡️鄉村搖滾樂 (2),3v7gEvpa38mxy5vFgT3U5o,https://open.spotify.com/playlist/3v7gEvpa38mxy5vFgT3U5o
放鬆 鄉村,鄉村世間情 Country Sounds,2n7UIQEHuRlKkBWmuBiafe,https://open.spotify.com/playlist/2n7UIQEHuRlKkBWmuBiafe
放鬆 靈魂,靈魂巨人泰迪 Teddy Swims | 必聽精選 Hot Hits,69oMapyQM7KArMPnk9KHoS,https://open.spotify.com/playlist/69oMapyQM7KArMPnk9KHoS
放鬆 靈魂,鋼琴.靜心Piano Peace,5i74RPYDbNJqf0KtDUa2G2,https://open.spotify.com/playlist/5i74RPYDbNJqf0KtDUa2G2
放鬆 靈魂,慵懶放鬆靈魂樂,03JRdTwFJ32eKSfRwGUwWc,https://open.spotify.com/playlist/03JRdTwFJ32eKSfRwGUwWc
放鬆 靈魂,#1 Floating Slumber /Music for better sleep,3L0auc8C7T3NMxev9ue2sh,https://open.spotify.com/playlist/3L0auc8C7T3NMxev9ue2sh
放鬆 靈魂,婚禮音樂 - 中文,55lO5kJPvx8GCfOHbaMkec,https://open.spotify.com/playlist/55lO5kJPvx8GCfOHbaMkec
放鬆 鋼琴,睡眠音樂 深度睡眠 鋼琴音樂 白噪音 讓人放鬆 舒眠 紓壓 純音樂 Soothing Melody for Deep Sleep,7Dz8h8C99zCSwP7u7x58Zk,https://open.spotify.com/playlist/7Dz8h8C99zCSwP7u7x58Zk
放鬆 鋼琴,咖啡廳音樂 Relaxing Coffee Music BGM,2pR8oELXQ2GjluBbPNzdao,https://open.spotify.com/playlist/2pR8oELXQ2GjluBbPNzdao
放鬆 鋼琴,鋼琴.靜心Piano Peace,5i74RPYDbNJqf0KtDUa2G2,https://open.spotify.com/playlist/5i74RPYDbNJqf0KtDUa2G2
放鬆 鋼琴,睡眠 放鬆催眠旋律 療癒 純音樂 鋼琴曲 Sleepy Melody Before Bedtime,5ItLGUQo4uJdWNyP7KMM8R,https://open.spotify.com/playlist/5ItLGUQo4uJdWNyP7KMM8R
放鬆 鋼琴,1990-2022日本動漫歌曲合輯,2Kcbcp6bPnKoioHMHerIQr,https://open.spotify.com/playlist/2Kcbcp6bPnKoioHMHerIQr
放鬆 吉他,2024-2025 影視歌曲 | 陸劇 電影 OST,7limWovzoRz3Ew6vWAPuMw,https://open.spotify.com/playlist/7limWovzoRz3Ew6vWAPuMw
放鬆 吉他,動畫歌曲*咒迴/鬼滅/火影/迪士尼/吉卜力/巨人/獵人/伍六七/天官/肌肉魔法使/我推の子/怪獸8號/hazbin...*,23RPjb4FHhD0d5lg30b0mB,https://open.spotify.com/playlist/23RPjb4FHhD0d5lg30b0mB
放鬆 吉他,轻柔吉他,4BVtb4tbsCYSt9wKIIbeFb,https://open.spotify.com/playlist/4BVtb4tbsCYSt9wKIIbeFb
放鬆 吉他,(原曲) 乐队的夏天 第一季 | The Big Band 1 | 樂隊的夏天 第一季,5DdWaIgKu0CfasPLX8Y6ml,https://open.spotify.com/playlist/5DdWaIgKu0CfasPLX8Y6ml
放鬆 吉他,スタジオ ジブリ STUDIO GHIBLI,5kqPgrVAOfk9Wz6kp6C0yC,https://open.spotify.com/playlist/5kqPgrVAOfk9Wz6kp6C0yC
放鬆 環境音樂,寶寶潛能開發音樂 胎教古典音樂  Baby Brain Development Music &  Pregnancy Music,5jDPDRS4XaqwecgrsdpFrO,https://open.spotify.com/playlist/5jDPDRS4XaqwecgrsdpFrO
悲傷 流行,任然好聽歌,2cUgJibLVRJny5waoWfoBL,https://open.spotify.com/playlist/2cUgJibLVRJny5waoWfoBL
悲傷 流行,伤心情歌,414033tgD6CrHz2CYF9XG9,https://open.spotify.com/playlist/414033tgD6CrHz2CYF9XG9
悲傷 流行,悲傷時刻到來,0xMenxm9ky4TGunC5XJJSx,https://open.spotify.com/playlist/0xMenxm9ky4TGunC5XJJSx
悲傷 搖滾,悲傷搖滾,3CVvRIZVGb1qt5F9DeicRK,https://open.spotify.com/playlist/3CVvRIZVGb1qt5F9DeicRK
悲傷 電子,原子邦妮電子迷幻悲傷歌單,50nNhsn2VDAbY7jKSqBXiG,https://open.spotify.com/playlist/50nNhsn2VDAbY7jKSqBXiG
悲傷 民謠,麻油葉的宇宙,2HUgfTQyk89tXSLexqgJ17,https://open.spotify.com/playlist/2HUgfTQyk89tXSLexqgJ17
悲傷 古典,Styling #2(神聖、憂傷、古典),61C9dXylG8bNRxlbFhxvqx,https://open.spotify.com/playlist/61C9dXylG8bNRxlbFhxvqx
悲傷 藍調,[1小時串燒] 鐵肺歌姬歌后-A-Lin/戴愛玲/鄧紫棋/陳芳語/彭佳慧/艾怡良/張若凡/摯友、空港、愛你、有一種悲傷、相見恨晚、走在紅毯那一天、FlyAway,5u17fqXp2nmF7nKF4GLCBx,https://open.spotify.com/playlist/5u17fqXp2nmF7nKF4GLCBx
悲傷 藍調,六年級愛情歌,5UUyHVtfu28RDtnS6uxpMX,https://open.spotify.com/playlist/5UUyHVtfu28RDtnS6uxpMX
悲傷 藍調,iX1-TWC 夢幻女聲,5AbWuuhXbmtefinBXjb2VI,https://open.spotify.com/playlist/5AbWuuhXbmtefinBXjb2VI
悲傷 R&B,《我的完美秘書》韓劇原聲帶,2uHY20E80YMjN9J6pcIUtO,https://open.spotify.com/playlist/2uHY20E80YMjN9J6pcIUtO
悲傷 R&B,英文抒情R&B,5PbJPOYZclXdzcvD22jq4P,https://open.spotify.com/playlist/5PbJPOYZclXdzcvD22jq4P
悲傷 R&B,任然好聽歌,2cUgJibLVRJny5waoWfoBL,https://open.spotify.com/playlist/2cUgJibLVRJny5waoWfoBL
悲傷 重金屬,😕 秒哭emo歌单,2C6ZhaaFawulwECyZm0arY,https://open.spotify.com/playlist/2C6ZhaaFawulwECyZm0arY
悲傷 重金屬,深夜EMO歌單😭,1tO4QBBNOzxWzI1Ip9FQ0l,https://open.spotify.com/playlist/1tO4QBBNOzxWzI1Ip9FQ0l
悲傷 靈魂,林夕：哥哥字傳,1qXorycOWULwQg2y1W4Okt,https://open.spotify.com/playlist/1qXorycOWULwQg2y1W4Okt
悲傷 獨立音樂,😕 秒哭emo歌单,2C6ZhaaFawulwECyZm0arY,https://open.spotify.com/playlist/2C6ZhaaFawulwECyZm0arY
悲傷 獨立音樂,獨立樂團不用滑,3jH7xQn0Ygl0E24RsMV5ay,https://open.spotify.com/playlist/3jH7xQn0Ygl0E24RsMV5ay
悲傷 獨立音樂,深夜EMO歌單😭,1tO4QBBNOzxWzI1Ip9FQ0l,https://open.spotify.com/playlist/1tO4QBBNOzxWzI1Ip9FQ0l
悲傷 獨立音樂,失戀必聽秒哭歌單,4UqVrEIurEsuy7H0Sq6qyw,https://open.spotify.com/playlist/4UqVrEIurEsuy7H0Sq6qyw
悲傷 獨立音樂,日文抒情歌單,7GRCeVgldL7pmUXW2TGHcn,https://open.spotify.com/playlist/7GRCeVgldL7pmUXW2TGHcn
快樂 流行,2025流行英文歌單,4fkb8VqBPKsiVp4Zwzjl1U,https://open.spotify.com/playlist/4fkb8VqBPKsiVp4Zwzjl1U
快樂 流行,最好聽粵語廣東歌曲 Best Cantonese Songs,2v0mxzm6LCcmBVqRPwzvdM,https://open.spotify.com/playlist/2v0mxzm6LCcmBVqRPwzvdM
快樂 流行,流行台語(不定時更新),1mwRjz8Ao9XFb8r6jGUGag,https://open.spotify.com/playlist/1mwRjz8Ao9XFb8r6jGUGag
快樂 搖滾,搖滾生日快樂歌,7KAuBCrcZ5CA390yDn3xbX,https://open.spotify.com/playlist/7KAuBCrcZ5CA390yDn3xbX
快樂 搖滾,台灣獨立樂團,0Ol0bu38sE7QozcRFnvfbM,https://open.spotify.com/playlist/0Ol0bu38sE7QozcRFnvfbM
快樂 搖滾,Taiwanese Bands,1ZbgXWRpYTcbfsZbGbpVfF,https://open.spotify.com/playlist/1ZbgXWRpYTcbfsZbGbpVfF
快樂 搖滾,ㄆㄎ,1uufEBhvJVuYhkOL0fxM3i,https://open.spotify.com/playlist/1uufEBhvJVuYhkOL0fxM3i
快樂 搖滾,不搖滾會死,1f6HtkIhgJxjh97cfeaY2J,https://open.spotify.com/playlist/1f6HtkIhgJxjh97cfeaY2J
快樂 嘻哈,炸音響快歌,6pI4TLcpMB9x4EBfLvA4oz,https://open.spotify.com/playlist/6pI4TLcpMB9x4EBfLvA4oz
快樂 嘻哈,高端渣男開車把妹歌單,0MOz0wi0RJgrBDRQ3vrzo5,https://open.spotify.com/playlist/0MOz0wi0RJgrBDRQ3vrzo5
快樂 嘻哈,上課high歌,5hFH9k8Sz1RgwizVZwnxmB,https://open.spotify.com/playlist/5hFH9k8Sz1RgwizVZwnxmB
快樂 嘻哈,我的快樂嘻哈,2pTsYFhdLVxpIuYsqvVA5z,https://open.spotify.com/playlist/2pTsYFhdLVxpIuYsqvVA5z
快樂 電子,輕快節奏 - 電子音樂,2q5yr3KCibKLOC5WWLzN2D,https://open.spotify.com/playlist/2q5yr3KCibKLOC5WWLzN2D
快樂 電子,Psychedelic 快節奏大麻迷幻電子音樂 專注工作 ,7Kxo7JP8nx81BnmVgaHpBF,https://open.spotify.com/playlist/7Kxo7JP8nx81BnmVgaHpBF
快樂 電子,緩拍 電子音樂 電音 動感音樂,0RgES7AcrYAduoSxDzamu4,https://open.spotify.com/playlist/0RgES7AcrYAduoSxDzamu4
快樂 電子,Contemporary classical music,0qGS5jIHjshFxpUuHYDOlZ,https://open.spotify.com/playlist/0qGS5jIHjshFxpUuHYDOlZ
快樂 電子,Hip Hop Luv(嘻哈寶典談戀愛),7xaxlv2xZDEUlsBpulbXgT,https://open.spotify.com/playlist/7xaxlv2xZDEUlsBpulbXgT
快樂 民謠,Rock-迷幻搖滾 Psychedelic rock,7Fuee82KoaFccwGqZ3hm3i,https://open.spotify.com/playlist/7Fuee82KoaFccwGqZ3hm3i
快樂 民謠,民謠-搖滾-快樂,6aS43tLuNkoGgv089lyCF0,https://open.spotify.com/playlist/6aS43tLuNkoGgv089lyCF0
快樂 古典,上班舒心輕音樂古典 Easy Listening Classical Music for Office Working,5JWkQhhVhuTlb11ugb2OET,https://open.spotify.com/playlist/5JWkQhhVhuTlb11ugb2OET
快樂 古典,寶寶睡眠鋼琴 輕柔旋律入夢鄉 Babe Sleep Piano Lullaby with Soothing Melody,6uY9t0E69Okxx61WRbEmcA,https://open.spotify.com/playlist/6uY9t0E69Okxx61WRbEmcA
快樂 古典,輕快古典音樂,3jnPrFaq5FaOqVwdmE0yxZ,https://open.spotify.com/playlist/3jnPrFaq5FaOqVwdmE0yxZ
快樂 古典,DG古典．百年經典,69mMioQK1XQn8eBGaqH91Q,https://open.spotify.com/playlist/69mMioQK1XQn8eBGaqH91Q
快樂 古典,我是遺物整理師:韓可魯的音樂播放清單,5rb38vY9MYa6z7LZyvlDkx,https://open.spotify.com/playlist/5rb38vY9MYa6z7LZyvlDkx
快樂 爵士,爵士小酒館,6LX7rhdp7WRa2g9NqW2cL0,https://open.spotify.com/playlist/6LX7rhdp7WRa2g9NqW2cL0
快樂 爵士,Bossa Nova｜慵懒风情,16r2jV9fIrAywM18J6gxo1,https://open.spotify.com/playlist/16r2jV9fIrAywM18J6gxo1
快樂 爵士,渡假放鬆輕爵士 Jazz & Bossa Vacation Music,0Udg4PK527sPTsJylq0q2X,https://open.spotify.com/playlist/0Udg4PK527sPTsJylq0q2X
快樂 爵士,c'est la vie 香榭咖啡館,1FwqaXHURH4cfO8yFV8hj1,https://open.spotify.com/playlist/1FwqaXHURH4cfO8yFV8hj1
快樂 爵士,爵士。早午餐。咖啡,3VZTAD5M7zsj0s5L6alC8d,https://open.spotify.com/playlist/3VZTAD5M7zsj0s5L6alC8d
快樂 藍調,開心的早晨🎶我們來聽音樂吧 ,5d0vAuL3LI6NYLACUJElRR,https://open.spotify.com/playlist/5d0vAuL3LI6NYLACUJElRR
快樂 藍調,A-Lin 精選熱門歌曲,3P8O2Uxjczf4ZeljKM61ib,https://open.spotify.com/playlist/3P8O2Uxjczf4ZeljKM61ib
快樂 藍調,五月天熱門歌曲！,5rGKfMmuKH5UmEN0RguDP8,https://open.spotify.com/playlist/5rGKfMmuKH5UmEN0RguDP8
快樂 藍調,煙嗓情歌,6Pn95eEinvhyvbYZenRJF1,https://open.spotify.com/playlist/6Pn95eEinvhyvbYZenRJF1
快樂 藍調,愛唱歌親子演唱會《米卡勇闖魔法夢奇地》,5J34xnU4i8pEGKBhAzPXAl,https://open.spotify.com/playlist/5J34xnU4i8pEGKBhAzPXAl
快樂 舞曲,最好聽粵語廣東歌曲 Best Cantonese Songs,2v0mxzm6LCcmBVqRPwzvdM,https://open.spotify.com/playlist/2v0mxzm6LCcmBVqRPwzvdM
快樂 舞曲,Bossa Nova｜慵懒风情,16r2jV9fIrAywM18J6gxo1,https://open.spotify.com/playlist/16r2jV9fIrAywM18J6gxo1
快樂 舞曲,蔡依林 Jolin Tsai | 必聽精選 TOP HITS,69DqmbZT0k1FmJLfjKVteL,https://open.spotify.com/playlist/69DqmbZT0k1FmJLfjKVteL
快樂 舞曲,樂齡輕快舞曲,3zWjmKbYpG3Foq8OFN7q3i,https://open.spotify.com/playlist/3zWjmKbYpG3Foq8OFN7q3i
快樂 舞曲,快樂舞曲,3xr9OTJb1vyloMdGnEZK5A,https://open.spotify.com/playlist/3xr9OTJb1vyloMdGnEZK5A
快樂 鄉村,⛺️凹豆咖快看！ 露營放鬆的⚡️鄉村搖滾樂 (2),3v7gEvpa38mxy5vFgT3U5o,https://open.spotify.com/playlist/3v7gEvpa38mxy5vFgT3U5o
快樂 靈魂,爵士小酒館,6LX7rhdp7WRa2g9NqW2cL0,https://open.spotify.com/playlist/6LX7rhdp7WRa2g9NqW2cL0
快樂 靈魂,夏日音樂廳,1jX4jCqJKBu9YUTIX9GQS6,https://open.spotify.com/playlist/1jX4jCqJKBu9YUTIX9GQS6
快樂 靈魂,靈魂男聲 山姆史密斯 Sam Smith 生日快樂！,2x890ZgnQiSzoB0DdoGMPw,https://open.spotify.com/playlist/2x890ZgnQiSzoB0DdoGMPw
快樂 靈魂,Hip Hop Luv(嘻哈寶典談戀愛),7xaxlv2xZDEUlsBpulbXgT,https://open.spotify.com/playlist/7xaxlv2xZDEUlsBpulbXgT
快樂 靈魂,台灣FM電台 JAMZ 95 | Taiwan's No.1 R&B Station,4VwOjOYalPMIhseFKm3RBu,https://open.spotify.com/playlist/4VwOjOYalPMIhseFKm3RBu
快樂 吉他,滾石40撞樂隊 翻唱與原唱 完整合輯,7qYhwZkhGucu2AXQ9d1x85,https://open.spotify.com/playlist/7qYhwZkhGucu2AXQ9d1x85
快樂 吉他,Taiwanese Bands,1ZbgXWRpYTcbfsZbGbpVfF,https://open.spotify.com/playlist/1ZbgXWRpYTcbfsZbGbpVfF
快樂 吉他,Mavis Hee - Greatest Hits 許美靜/许美静 精选,4vRoOXqLSDHPSipESKK7lQ,https://open.spotify.com/playlist/4vRoOXqLSDHPSipESKK7lQ
快樂 環境音樂,寶寶睡眠鋼琴 輕柔旋律入夢鄉 Babe Sleep Piano Lullaby with Soothing Melody,6uY9t0E69Okxx61WRbEmcA,https://open.spotify.com/playlist/6uY9t0E69Okxx61WRbEmcA
快樂 獨立音樂,高端渣女 開車必聽,6yUSUcAefbcLvz9QgWGTBO,https://open.spotify.com/playlist/6yUSUcAefbcLvz9QgWGTBO
愛情 流行,最爱情歌90-世纪情歌超级精选,6L7BR3CxcV86PdvVwP7y2X,https://open.spotify.com/playlist/6L7BR3CxcV86PdvVwP7y2X
愛情 流行,想了不只幾百次,6Ghk1fISS5F5B7eDxqEW2I,https://open.spotify.com/playlist/6Ghk1fISS5F5B7eDxqEW2I
愛情 流行,2000-2010 千鿋年廣東歌 ,52HvTgEGMTqfbvAlx5wGPW,https://open.spotify.com/playlist/52HvTgEGMTqfbvAlx5wGPW
愛情 流行,流行愛情 Pop Love,5OSPQacC8XLcBJIvopbFZB,https://open.spotify.com/playlist/5OSPQacC8XLcBJIvopbFZB
愛情 流行,愛情這回事 (Always Need Love Songs),4DLRAu2yCzIwYENMH0getS,https://open.spotify.com/playlist/4DLRAu2yCzIwYENMH0getS
愛情 嘻哈,嘻哈愛情,0V6lpoJxUnBN6vHNugZ67r,https://open.spotify.com/playlist/0V6lpoJxUnBN6vHNugZ67r
愛情 嘻哈,Hip Hop Luv(嘻哈寶典談戀愛),7xaxlv2xZDEUlsBpulbXgT,https://open.spotify.com/playlist/7xaxlv2xZDEUlsBpulbXgT
愛情 嘻哈,想了不只幾百次,6Ghk1fISS5F5B7eDxqEW2I,https://open.spotify.com/playlist/6Ghk1fISS5F5B7eDxqEW2I
愛情 電子,陪我做個80年代的神通情人夢（Electric Dreams 1984）,4vorqZAIXJPgsWpgJ0pKpU,https://open.spotify.com/playlist/4vorqZAIXJPgsWpgJ0pKpU
愛情 電子,Hip Hop Luv(嘻哈寶典談戀愛),7xaxlv2xZDEUlsBpulbXgT,https://open.spotify.com/playlist/7xaxlv2xZDEUlsBpulbXgT
愛情 電子,2000-2010 千鿋年廣東歌 ,52HvTgEGMTqfbvAlx5wGPW,https://open.spotify.com/playlist/52HvTgEGMTqfbvAlx5wGPW
愛情 民謠,原創歌曲 Original Song | Jesse T,0ISaaqWJP0LI3lGTJokbNT,https://open.spotify.com/playlist/0ISaaqWJP0LI3lGTJokbNT
愛情 藍調,日劇超經典 – Japanese Drama Songs Collection ,4hrEEgXVAZG3A624BMFqLK,https://open.spotify.com/playlist/4hrEEgXVAZG3A624BMFqLK
愛情 藍調,蔡健雅 _情歌精選,6ATgi9h7pxWWr4x67qpepy,https://open.spotify.com/playlist/6ATgi9h7pxWWr4x67qpepy
愛情 藍調,孫燕姿AUT NIHILO 就在日落以後巡迴演唱會 STEFANIE SUN YANZI 孙燕姿就在日落以后,3ngRXxtvapmagiVu9xBJ0J,https://open.spotify.com/playlist/3ngRXxtvapmagiVu9xBJ0J
愛情 藍調,1990-2010s華語金曲,0mVSZP3JXs0TcyAZXrnV3w,https://open.spotify.com/playlist/0mVSZP3JXs0TcyAZXrnV3w
愛情 藍調,2000-2010華語歌壇聖經,4ovp1QwDvaZgYTo3Eik8Ug,https://open.spotify.com/playlist/4ovp1QwDvaZgYTo3Eik8Ug
愛情 R&B,日劇超經典 – Japanese Drama Songs Collection ,4hrEEgXVAZG3A624BMFqLK,https://open.spotify.com/playlist/4hrEEgXVAZG3A624BMFqLK
愛情 R&B,英文抒情R&B,5PbJPOYZclXdzcvD22jq4P,https://open.spotify.com/playlist/5PbJPOYZclXdzcvD22jq4P
愛情 R&B,梁文音｜情歌精選,1OgmKEXNAubFBdl226XSGB,https://open.spotify.com/playlist/1OgmKEXNAubFBdl226XSGB
愛情 舞曲,蕭亞軒 ELVA HSIAO | 必聽精選TOP HITS,0AL0LT0QQI8sisLr2XWcPQ,https://open.spotify.com/playlist/0AL0LT0QQI8sisLr2XWcPQ
愛情 舞曲,愛情少尉舞曲集,74Pym2RCD9JiTUj9DSbvtp,https://open.spotify.com/playlist/74Pym2RCD9JiTUj9DSbvtp
愛情 鄉村,2023臺北眷村文化節-家,5Z8bcHym8IfnJq2E7cFTAI,https://open.spotify.com/playlist/5Z8bcHym8IfnJq2E7cFTAI
愛情 靈魂,祕密花園OST,5D1IwaVMu2Oyq8Le7Y2ypH,https://open.spotify.com/playlist/5D1IwaVMu2Oyq8Le7Y2ypH
愛情 靈魂,時代少年團     TF3代   T.O.P登陸少年組合（all ）（我把ㄧ些無法播放的音檔刪了所以現在變成只有67小時多而已）,6GCNanmztNGOwj89tzakvI,https://open.spotify.com/playlist/6GCNanmztNGOwj89tzakvI
愛情 靈魂,純真博物館,7wkdyAcnlFnQhonLNfPIcd,https://open.spotify.com/playlist/7wkdyAcnlFnQhonLNfPIcd
愛情 靈魂,Hip Hop Luv(嘻哈寶典談戀愛),7xaxlv2xZDEUlsBpulbXgT,https://open.spotify.com/playlist/7xaxlv2xZDEUlsBpulbXgT
愛情 靈魂,林夕：哥哥字傳,1qXorycOWULwQg2y1W4Okt,https://open.spotify.com/playlist/1qXorycOWULwQg2y1W4Okt
愛情 鋼琴,[KKBOX]ㄧ個人的孤單，靜靜地聽歌就沒事了。 / 2024-12-27,7qQtpaVDfT7HupuUHC3VZT,https://open.spotify.com/playlist/7qQtpaVDfT7HupuUHC3VZT
愛情 吉他,《長風渡》影視劇原聲帶,2llriPca86S0pMPql7AmWt,https://open.spotify.com/playlist/2llriPca86S0pMPql7AmWt
愛情 吉他,情歌大全：致美好的愛情,3XyIb5ar6gxJpu2WXZCGtR,https://open.spotify.com/playlist/3XyIb5ar6gxJpu2WXZCGtR
愛情 獨立音樂,原創歌曲 Original Song | Jesse T,0ISaaqWJP0LI3lGTJokbNT,https://open.spotify.com/playlist/0ISaaqWJP0LI3lGTJokbNT
能量 搖滾,最好聽台灣流行歌曲 Best Taiwanese Pop Songs,5spbrkAK53L4VurFt5ir8U,https://open.spotify.com/playlist/5spbrkAK53L4VurFt5ir8U
能量 搖滾,日本搖滾,30SKPprnYtlMM34xBns2eT,https://open.spotify.com/playlist/30SKPprnYtlMM34xBns2eT
能量 搖滾,俺のロックだ🎸,3Ve5dp3ysGaXtV3SAC2v1G,https://open.spotify.com/playlist/3Ve5dp3ysGaXtV3SAC2v1G
能量 搖滾,台灣獨立樂團,0Ol0bu38sE7QozcRFnvfbM,https://open.spotify.com/playlist/0Ol0bu38sE7QozcRFnvfbM
能量 搖滾,椎名林檎代表作,1skI0L4Rf6BsRA9dj9JOty,https://open.spotify.com/playlist/1skI0L4Rf6BsRA9dj9JOty
能量 嘻哈,大嘻哈時代2,2OiljIZqhGn82aNTkBQdQB,https://open.spotify.com/playlist/2OiljIZqhGn82aNTkBQdQB
能量 嘻哈,K-HIPHOP (korean rap),1tdi78egHydNAeNwCggJ0Q,https://open.spotify.com/playlist/1tdi78egHydNAeNwCggJ0Q
能量 嘻哈,Xmaswu 吳驁💫,604otD5GntdWwaLzgshOXO,https://open.spotify.com/playlist/604otD5GntdWwaLzgshOXO
能量 嘻哈,HipHop 🤬🔫,5h2ed3V8Te3tr9AToUVWVR,https://open.spotify.com/playlist/5h2ed3V8Te3tr9AToUVWVR
能量 嘻哈,中文嘻哈能量,5R6TyjvfhshwxZZ0jPpSHM,https://open.spotify.com/playlist/5R6TyjvfhshwxZZ0jPpSHM
能量 電子,陪讀電子音 (2),6y2w8MQfLayEiPDdPclRyM,https://open.spotify.com/playlist/6y2w8MQfLayEiPDdPclRyM
能量 電子,Hip Hop Luv(嘻哈寶典談戀愛),7xaxlv2xZDEUlsBpulbXgT,https://open.spotify.com/playlist/7xaxlv2xZDEUlsBpulbXgT
能量 電子,椎名林檎代表作,1skI0L4Rf6BsRA9dj9JOty,https://open.spotify.com/playlist/1skI0L4Rf6BsRA9dj9JOty
能量 電子,ELECTRONIC CONCENTRATION,5VeVE7roTxELWqSHBdkvCt,https://open.spotify.com/playlist/5VeVE7roTxELWqSHBdkvCt
能量 電子,TOOL,63XLJFvCoCn1lAPdrc8N23,https://open.spotify.com/playlist/63XLJFvCoCn1lAPdrc8N23
能量 民謠,"NO, THIS is 鳳飛飛（不，這才是鳳飛飛）—歌林篇",0aVhWL97eZdCLyye9iYdYW,https://open.spotify.com/playlist/0aVhWL97eZdCLyye9iYdYW
能量 民謠,原創歌曲 Original Song | Jesse T,0ISaaqWJP0LI3lGTJokbNT,https://open.spotify.com/playlist/0ISaaqWJP0LI3lGTJokbNT
能量 古典,卡拉揚-指揮帝王 Karajan Forever,2ObOcGxN0rpRlKQxnOg7wK,https://open.spotify.com/playlist/2ObOcGxN0rpRlKQxnOg7wK
能量 古典,DG古典．百年經典,69mMioQK1XQn8eBGaqH91Q,https://open.spotify.com/playlist/69mMioQK1XQn8eBGaqH91Q
能量 古典,是春天了呀～,2FxGfX5DGnWAUBDgHylunF,https://open.spotify.com/playlist/2FxGfX5DGnWAUBDgHylunF
能量 古典,周傑倫中國風歌曲全收錄,4EeiP53GRGAzgsbRN3ZqUt,https://open.spotify.com/playlist/4EeiP53GRGAzgsbRN3ZqUt
能量 古典,Lucky Dube - THE GREATEST HITS,3PTCX5YO7A2drkv2FEwoYP,https://open.spotify.com/playlist/3PTCX5YO7A2drkv2FEwoYP
能量 爵士,中文爵士流行歌曲 2024 Chinese Pop Jazz,2kjlC6o0e1pc32QPbulYem,https://open.spotify.com/playlist/2kjlC6o0e1pc32QPbulYem
能量 爵士,第1章 現在聽爵士樂正合時,2YlnVWsvsHKXKxOs2Ki3iy,https://open.spotify.com/playlist/2YlnVWsvsHKXKxOs2Ki3iy
能量 爵士,第4章 10種爵士樂風格,3q6xBcEWc230hvuAZOGZG0,https://open.spotify.com/playlist/3q6xBcEWc230hvuAZOGZG0
能量 爵士,Jazz Diva爵美女聲,1oCBvTaeEnauDHam67nNZ8,https://open.spotify.com/playlist/1oCBvTaeEnauDHam67nNZ8
能量 爵士,Nathanology presents: Aroma Deep House 002,63QL4cUqNYykTELZaf5z4d,https://open.spotify.com/playlist/63QL4cUqNYykTELZaf5z4d
能量 藍調,1990-2010s華語金曲,0mVSZP3JXs0TcyAZXrnV3w,https://open.spotify.com/playlist/0mVSZP3JXs0TcyAZXrnV3w
能量 藍調,2000-2010華語歌壇聖經,4ovp1QwDvaZgYTo3Eik8Ug,https://open.spotify.com/playlist/4ovp1QwDvaZgYTo3Eik8Ug
能量 藍調,最爱情歌90-世纪情歌超级精选,6L7BR3CxcV86PdvVwP7y2X,https://open.spotify.com/playlist/6L7BR3CxcV86PdvVwP7y2X
能量 藍調,頌缽、梵文大休息曲,2Fu7GvPjfdC4DC4GFoVCiY,https://open.spotify.com/playlist/2Fu7GvPjfdC4DC4GFoVCiY
能量 藍調,卡拉揚-指揮帝王 Karajan Forever,2ObOcGxN0rpRlKQxnOg7wK,https://open.spotify.com/playlist/2ObOcGxN0rpRlKQxnOg7wK
能量 舞曲,最好聽粵語廣東歌曲 Best Cantonese Songs,2v0mxzm6LCcmBVqRPwzvdM,https://open.spotify.com/playlist/2v0mxzm6LCcmBVqRPwzvdM
能量 舞曲, 粵語 勁歌 舞曲 女版 I (電音女王篇) CantoDance  Part 1  1980s-1990s Female,2RcOZ5MV1sdPUPp75XaM9O,https://open.spotify.com/playlist/2RcOZ5MV1sdPUPp75XaM9O
能量 舞曲,高能量舞曲,5sf0CYYcYcfROyDapXexwx,https://open.spotify.com/playlist/5sf0CYYcYcfROyDapXexwx
能量 舞曲,华语流行音乐精选,5nHvSjxPVmYxEzpMuwKc9A,https://open.spotify.com/playlist/5nHvSjxPVmYxEzpMuwKc9A
能量 舞曲,最好聽粵語廣東歌曲 Best Cantonese Songs,0QK2mExc8G8GP6SG1yZIJ3,https://open.spotify.com/playlist/0QK2mExc8G8GP6SG1yZIJ3
能量 重金屬,重金屬搖滾樂,6pv6JND6VMzDXIe3LgdpLi,https://open.spotify.com/playlist/6pv6JND6VMzDXIe3LgdpLi
能量 重金屬,重金屬 嘶吼,3TwwiXiA9NkxG0X9a9OjOr,https://open.spotify.com/playlist/3TwwiXiA9NkxG0X9a9OjOr
能量 重金屬,節奏感很強的好歌,2oDbPjwHAkarjO0ohfKPJl,https://open.spotify.com/playlist/2oDbPjwHAkarjO0ohfKPJl
能量 鄉村,2023臺北眷村文化節-家,5Z8bcHym8IfnJq2E7cFTAI,https://open.spotify.com/playlist/5Z8bcHym8IfnJq2E7cFTAI
能量 靈魂,夏日音樂廳,1jX4jCqJKBu9YUTIX9GQS6,https://open.spotify.com/playlist/1jX4jCqJKBu9YUTIX9GQS6
能量 靈魂,心靈安定劑,01GUkb3lNrOddMBHqI3AlL,https://open.spotify.com/playlist/01GUkb3lNrOddMBHqI3AlL
能量 靈魂,Jazz Diva爵美女聲,1oCBvTaeEnauDHam67nNZ8,https://open.spotify.com/playlist/1oCBvTaeEnauDHam67nNZ8
能量 靈魂,編輯情境題：望著天花板的凌晨三點半,5Cz6Dhymou9sGPDSj2WyiY,https://open.spotify.com/playlist/5Cz6Dhymou9sGPDSj2WyiY
能量 靈魂,Hip Hop Luv(嘻哈寶典談戀愛),7xaxlv2xZDEUlsBpulbXgT,https://open.spotify.com/playlist/7xaxlv2xZDEUlsBpulbXgT
能量 吉他,周杰倫《嘉年華》2025世界巡迴演唱會 歌單 搶先聽 Jay Chou Carnival World Tour 2025 Setlist,169JaKqanGg3T3wTvnsEZp,https://open.spotify.com/playlist/169JaKqanGg3T3wTvnsEZp
能量 吉他,動畫歌曲*咒迴，鬼滅，火影，迪士尼，吉卜力，巨人，獵人，伍六七，天官，肌肉魔法使，我推の子，怪獸8號，hazbin...*,23RPjb4FHhD0d5lg30b0mB,https://open.spotify.com/playlist/23RPjb4FHhD0d5lg30b0mB
能量 吉他,轻柔吉他,4BVtb4tbsCYSt9wKIIbeFb,https://open.spotify.com/playlist/4BVtb4tbsCYSt9wKIIbeFb
能量 環境音樂,天使靈氣+冥想音樂,4IVP0wFUHWtCZaf8EyHQYI,https://open.spotify.com/playlist/4IVP0wFUHWtCZaf8EyHQYI
能量 環境音樂,自律神經放鬆,4vXHk9lbqms8hZ0DMeU3bv,https://open.spotify.com/playlist/4vXHk9lbqms8hZ0DMeU3bv
能量 獨立音樂,人選之人—造浪者 (Netflix 臺灣原創影集 影集原聲帶),1XRzoq5jp1kB9hguPQckIk,https://open.spotify.com/playlist/1XRzoq5jp1kB9hguPQckIk
能量 獨立音樂,獨立樂團不用滑,3jH7xQn0Ygl0E24RsMV5ay,https://open.spotify.com/playlist/3jH7xQn0Ygl0E24RsMV5ay
能量 獨立音樂,「失序場」不藏私音樂清單,4bvtIuKDYlaUUEsfPxQ128,https://open.spotify.com/playlist/4bvtIuKDYlaUUEsfPxQ128
能量 獨立音樂,獨立樂團 - 2024,7Ag2hD5Yb0RIWUU6WLciLG,https://open.spotify.com/playlist/7Ag2hD5Yb0RIWUU6WLciLG
能量 獨立音樂,赤瞳音樂精選 I RUBY EYES  RECORDS,5H73dInL6TjzPACLlSKXG5,https://open.spotify.com/playlist/5H73dInL6TjzPACLlSKXG5
懷舊 流行,經典華語歌曲,2ZLBP5PQNGRHXjq2G8TAkt,https://open.spotify.com/playlist/2ZLBP5PQNGRHXjq2G8TAkt
懷舊 流行,台語懷舊老歌,3V5Ei9rjEJeZdX5avf7H71,https://open.spotify.com/playlist/3V5Ei9rjEJeZdX5avf7H71
懷舊 流行,流行英語歌曲,1JfWYb3V7o4LxcAqprGilO,https://open.spotify.com/playlist/1JfWYb3V7o4LxcAqprGilO
懷舊 流行,永遠懷念黃鴻升,6sEa206vPoBgba15LsVa0z,https://open.spotify.com/playlist/6sEa206vPoBgba15LsVa0z
懷舊 流行,復古港風,2fD3aLiqE5TyJYyl0yZJCG,https://open.spotify.com/playlist/2fD3aLiqE5TyJYyl0yZJCG
懷舊 搖滾,經典華語歌曲,2ZLBP5PQNGRHXjq2G8TAkt,https://open.spotify.com/playlist/2ZLBP5PQNGRHXjq2G8TAkt
懷舊 搖滾,流行英語歌曲,1JfWYb3V7o4LxcAqprGilO,https://open.spotify.com/playlist/1JfWYb3V7o4LxcAqprGilO
懷舊 爵士,懷舊爵士,04VYgwrDI5BLnjO9xp2k2B,https://open.spotify.com/playlist/04VYgwrDI5BLnjO9xp2k2B
懷舊 爵士,Retro Chinese City Pop: 復古風中文城市流行 中文citypop,1rgJawBh8VlriQFKXxYoRC,https://open.spotify.com/playlist/1rgJawBh8VlriQFKXxYoRC
懷舊 藍調,愛情長跑懷舊歌,6M6mtlaOyues3GAqSx9bIL,https://open.spotify.com/playlist/6M6mtlaOyues3GAqSx9bIL
懷舊 R&B,懷舊抒情英文老歌,5n1MGo9C6R0uPqlkubNEQl,https://open.spotify.com/playlist/5n1MGo9C6R0uPqlkubNEQl
懷舊 R&B,英文抒情R&B,5PbJPOYZclXdzcvD22jq4P,https://open.spotify.com/playlist/5PbJPOYZclXdzcvD22jq4P
懷舊 R&B,台語懷舊老歌 2022年 回憶藏歌,1VdC5KB7Wt2i9QbkqhdOwf,https://open.spotify.com/playlist/1VdC5KB7Wt2i9QbkqhdOwf
懷舊 R&B,爵士 + R&B + 慵懶,3GFV7znhfN7NPiy5laYiLE,https://open.spotify.com/playlist/3GFV7znhfN7NPiy5laYiLE
懷舊 R&B,70、80民歌、國語懷舊歌曲,2MtHCpHxcqh7v5FJAVVYsp,https://open.spotify.com/playlist/2MtHCpHxcqh7v5FJAVVYsp
懷舊 舞曲,80年代 夜店舞曲 1980s Club Music,5cQQ13Xm18JY6ocDvjZrCI,https://open.spotify.com/playlist/5cQQ13Xm18JY6ocDvjZrCI
懷舊 舞曲,懷舊國語舞曲,6Rph46ecdeAX7Ch2nLbgzZ,https://open.spotify.com/playlist/6Rph46ecdeAX7Ch2nLbgzZ
懷舊 舞曲,懷舊英文舞曲,7vPKGNUPxPUCFyhY5HGLFu,https://open.spotify.com/playlist/7vPKGNUPxPUCFyhY5HGLFu
懷舊 舞曲,懷舊、舞曲、夜店,0gtlWNYKxxSLZzWCaCMJm0,https://open.spotify.com/playlist/0gtlWNYKxxSLZzWCaCMJm0
懷舊 舞曲,懷舊英文舞曲,4T61IyNlnw9vYRChljKiKg,https://open.spotify.com/playlist/4T61IyNlnw9vYRChljKiKg
懷舊 重金屬,六、七年級懷舊金曲老歌,5Hcj4KAeXKWIi55g2r7BYI,https://open.spotify.com/playlist/5Hcj4KAeXKWIi55g2r7BYI
懷舊 重金屬,重金屬搖滾樂,6pv6JND6VMzDXIe3LgdpLi,https://open.spotify.com/playlist/6pv6JND6VMzDXIe3LgdpLi
懷舊 重金屬,經典台語老歌,2zPHNItB7j50yB5ZltWLaS,https://open.spotify.com/playlist/2zPHNItB7j50yB5ZltWLaS
懷舊 重金屬,KTV嗨歌-high起來,3TWpD2hjdPpOv4dxEaaaGc,https://open.spotify.com/playlist/3TWpD2hjdPpOv4dxEaaaGc
懷舊 重金屬,重金屬 嘶吼,3TwwiXiA9NkxG0X9a9OjOr,https://open.spotify.com/playlist/3TwwiXiA9NkxG0X9a9OjOr
懷舊 環境音樂,咖啡廳音樂,3INRTaUTylsbHfY1VSnWUV,https://open.spotify.com/playlist/3INRTaUTylsbHfY1VSnWUV
懷舊 環境音樂,六、七年級懷舊金曲老歌,5Hcj4KAeXKWIi55g2r7BYI,https://open.spotify.com/playlist/5Hcj4KAeXKWIi55g2r7BYI
懷舊 環境音樂,懷舊抒情英文老歌,5n1MGo9C6R0uPqlkubNEQl,https://open.spotify.com/playlist/5n1MGo9C6R0uPqlkubNEQl
懷舊 環境音樂,深層放鬆。背景樂,6sfrdN93uthtKFWor970oF,https://open.spotify.com/playlist/6sfrdN93uthtKFWor970oF
懷舊 環境音樂,經典台語老歌,2zPHNItB7j50yB5ZltWLaS,https://open.spotify.com/playlist/2zPHNItB7j50yB5ZltWLaS
學習 流行,英文流行钢琴曲 2025 Popular Piano Music,7jy5NbqWWN0bi8O8E5L1K7,https://open.spotify.com/playlist/7jy5NbqWWN0bi8O8E5L1K7
學習 流行,英文流行鋼琴曲 Pop Piano Covers,6T8XHJ2tqT6yyln63gUEMA,https://open.spotify.com/playlist/6T8XHJ2tqT6yyln63gUEMA
學習 流行,治愈中英文流行鋼琴音樂 Soothing Piano Cover Mandarin & English Pop Songs 🎹,5MEfvlwXt4IHykG1twWwRO,https://open.spotify.com/playlist/5MEfvlwXt4IHykG1twWwRO
學習 流行,TikTokで流行ったボカロ曲,2AfB5iluxG8LNPF6i7NMj8,https://open.spotify.com/playlist/2AfB5iluxG8LNPF6i7NMj8
學習 流行,香港流行音樂鋼琴曲 Cantopop Hong Kong Pop Piano Instrumental,5p8zN53JcGob18nPLJLLVz,https://open.spotify.com/playlist/5p8zN53JcGob18nPLJLLVz
學習 搖滾,HappyRuff 狗-放鬆軟搖,2heLW56kYWyjpKAEupQ2yl,https://open.spotify.com/playlist/2heLW56kYWyjpKAEupQ2yl
學習 電子,歌詞なしEDM（勉強用）,0p6lAi6oXLGgfDbY0t3T11,https://open.spotify.com/playlist/0p6lAi6oXLGgfDbY0t3T11
學習 古典,古典 - 學習,5RC1r3ZdXIT9hL8JglSvmB,https://open.spotify.com/playlist/5RC1r3ZdXIT9hL8JglSvmB
學習 古典,我的古典學習地圖,4NDKGw5fwKhwStLsNgG51g,https://open.spotify.com/playlist/4NDKGw5fwKhwStLsNgG51g
學習 古典,古典學習,1o6wdwivJu7STjQRWUrYeJ,https://open.spotify.com/playlist/1o6wdwivJu7STjQRWUrYeJ
學習 古典,古典反派的學習時間,1doktcevu4dc4Y9lhxFoyu,https://open.spotify.com/playlist/1doktcevu4dc4Y9lhxFoyu
學習 爵士,For Swing Beginner,5BFTnu7VmZkcw4UeEVAkoB,https://open.spotify.com/playlist/5BFTnu7VmZkcw4UeEVAkoB
學習 爵士,爵士BGM專注學習指南,3ZaHzdMCr2FtUhOGeigDnE,https://open.spotify.com/playlist/3ZaHzdMCr2FtUhOGeigDnE
學習 藍調,跟著🅐🅛🅘好好玩《創意鍵盤》圈圈Ｉ,1lcx7AtT4Cjg0SHpPs77k5,https://open.spotify.com/playlist/1lcx7AtT4Cjg0SHpPs77k5
學習 藍調,跟著🅐🅛🅘好好玩《創意鍵盤》疊疊Ｉ,1Cpzgf88OfgczGXQg4F8rK,https://open.spotify.com/playlist/1Cpzgf88OfgczGXQg4F8rK
學習 藍調,二十首你該學習與聽熟「帶有藍調旋律」的Jazz Standard,4MP7R8JxiyiEPxfJBL1Jpc,https://open.spotify.com/playlist/4MP7R8JxiyiEPxfJBL1Jpc
學習 藍調,超・乃木坂スター誕生！LIVE2024予習用,5kQ6h7NPxVg7jYBiXQQHGJ,https://open.spotify.com/playlist/5kQ6h7NPxVg7jYBiXQQHGJ
學習 R&B,英文流行钢琴曲 2025 Popular Piano Music,7jy5NbqWWN0bi8O8E5L1K7,https://open.spotify.com/playlist/7jy5NbqWWN0bi8O8E5L1K7
學習 R&B,英文抒情R&B,5PbJPOYZclXdzcvD22jq4P,https://open.spotify.com/playlist/5PbJPOYZclXdzcvD22jq4P
學習 R&B,ヨルシカ  全曲  ( リリース順 ),0mCsstWQfC6jv5WdRQvCIO,https://open.spotify.com/playlist/0mCsstWQfC6jv5WdRQvCIO
學習 R&B,R&B 英韓節奏藍調🦌,7bP2JiwYbnHCBXK6nChTb4,https://open.spotify.com/playlist/7bP2JiwYbnHCBXK6nChTb4
學習 R&B,BGM / MUJI 無印良品,5mMTUP1qEQm07aqYyza6ub,https://open.spotify.com/playlist/5mMTUP1qEQm07aqYyza6ub
學習 雷鬼,HappyRuff 狗-放鬆雷鬼,00lGp6463dKIZklXfIXyww,https://open.spotify.com/playlist/00lGp6463dKIZklXfIXyww
學習 雷鬼,Happy Ruff 狗-放鬆雷鬼 vol.2,2SyCBAYzdbkcXFIr6yMqsr,https://open.spotify.com/playlist/2SyCBAYzdbkcXFIr6yMqsr
學習 重金屬,Metal Study,5Hbea1cSsPu2bDjphYypP8,https://open.spotify.com/playlist/5Hbea1cSsPu2bDjphYypP8
學習 重金屬,Heavy Metal Training,2a6yMuWwUEtHkzr7I8CrQc,https://open.spotify.com/playlist/2a6yMuWwUEtHkzr7I8CrQc
學習 環境音樂,讀書音樂 沉浸式學習音樂 專注力提升Study with Me,5BP3yzxkmMg7gcGg6pCgBD,https://open.spotify.com/playlist/5BP3yzxkmMg7gcGg6pCgBD
學習 獨立音樂,跟著🅐🅛🅘好好玩《創意鍵盤》圈圈Ｉ,1lcx7AtT4Cjg0SHpPs77k5,https://open.spotify.com/playlist/1lcx7AtT4Cjg0SHpPs77k5
學習 獨立音樂,獨立樂團不用滑,3jH7xQn0Ygl0E24RsMV5ay,https://open.spotify.com/playlist/3jH7xQn0Ygl0E24RsMV5ay
學習 獨立音樂,跟著🅐🅛🅘好好玩《創意鍵盤》疊疊Ｉ,1Cpzgf88OfgczGXQg4F8rK,https://open.spotify.com/playlist/1Cpzgf88OfgczGXQg4F8rK
學習 獨立音樂,讀書音樂 沉浸式學習音樂 專注力提升Study with Me,5BP3yzxkmMg7gcGg6pCgBD,https://open.spotify.com/playlist/5BP3yzxkmMg7gcGg6pCgBD
學習 獨立音樂,獨立樂團 - 2024,7Ag2hD5Yb0RIWUU6WLciLG,https://open.spotify.com/playlist/7Ag2hD5Yb0RIWUU6WLciLG
運動 流行,911 玖壹壹 ,3TMOPoqs4gvxm4lKie5jmn,https://open.spotify.com/playlist/3TMOPoqs4gvxm4lKie5jmn
運動 流行,炸音響快歌,6pI4TLcpMB9x4EBfLvA4oz,https://open.spotify.com/playlist/6pI4TLcpMB9x4EBfLvA4oz
運動 流行,911 玖壹壹 大合輯,3PajW6ECO63cPDfbelixej,https://open.spotify.com/playlist/3PajW6ECO63cPDfbelixej
運動 流行,中華隊12強必聽熱血,3cIHSsksDs4vl0LCNpSUFS,https://open.spotify.com/playlist/3cIHSsksDs4vl0LCNpSUFS
運動 流行,羅志祥快歌串燒,3lz7QxR0hUWbF8h0m2NMHZ,https://open.spotify.com/playlist/3lz7QxR0hUWbF8h0m2NMHZ
運動 搖滾,聽日搖提神 ✊ 讓你熱血沸騰的J-Rock⚡️,5Xf0n10D6w0lB3jHCddrm7,https://open.spotify.com/playlist/5Xf0n10D6w0lB3jHCddrm7
運動 搖滾,中文慢搖滾 適合運動後緩和,1XgQUCaH6pgOlG0cXDyzHr,https://open.spotify.com/playlist/1XgQUCaH6pgOlG0cXDyzHr
運動 搖滾,運動搖滾,60UW11PqAe1lKlFgoeU66t,https://open.spotify.com/playlist/60UW11PqAe1lKlFgoeU66t
運動 搖滾,搖滾運動,2nfqu2y2RNp289JYJv53Gf,https://open.spotify.com/playlist/2nfqu2y2RNp289JYJv53Gf
運動 搖滾,Madchester Rave On︱Best of Madchester & Baggy,1MJONl8fQalN47Jpmjk1f3,https://open.spotify.com/playlist/1MJONl8fQalN47Jpmjk1f3
運動 嘻哈,911 玖壹壹 ,3TMOPoqs4gvxm4lKie5jmn,https://open.spotify.com/playlist/3TMOPoqs4gvxm4lKie5jmn
運動 嘻哈,炸音響快歌,6pI4TLcpMB9x4EBfLvA4oz,https://open.spotify.com/playlist/6pI4TLcpMB9x4EBfLvA4oz
運動 嘻哈,911 玖壹壹 大合輯,3PajW6ECO63cPDfbelixej,https://open.spotify.com/playlist/3PajW6ECO63cPDfbelixej
運動 嘻哈,西洋嘻哈HIGH喔,3aB29JElBOh9qPjaYHVPhH,https://open.spotify.com/playlist/3aB29JElBOh9qPjaYHVPhH
運動 嘻哈,運動嘻哈,1PVDOzzDjYzjRvj14FI8gT,https://open.spotify.com/playlist/1PVDOzzDjYzjRvj14FI8gT
運動 電子,電子遊戲 Video Game,70sh4GfR89Tvv5vRq6BHUo,https://open.spotify.com/playlist/70sh4GfR89Tvv5vRq6BHUo
運動 電子,LEGIÃO REMIX,6wAgkzJKPmz0SoBMgXuEy7,https://open.spotify.com/playlist/6wAgkzJKPmz0SoBMgXuEy7
運動 民謠,北歐櫥窗 × 林貓王：好自在的居家音樂,0070i9QptHTNqi2DFwsDFU,https://open.spotify.com/playlist/0070i9QptHTNqi2DFwsDFU
運動 爵士,《Jazz Club for Beginners》可以跟著跳舞的爵士樂合輯,5UcsjY4S1KqF1oqnJQZzjI,https://open.spotify.com/playlist/5UcsjY4S1KqF1oqnJQZzjI
運動 爵士,《Blue Bossa》充滿濃烈律動感的爵士樂,6vI6sYdZ5RoZndWffVScIQ,https://open.spotify.com/playlist/6vI6sYdZ5RoZndWffVScIQ
運動 R&B,911 玖壹壹 ,3TMOPoqs4gvxm4lKie5jmn,https://open.spotify.com/playlist/3TMOPoqs4gvxm4lKie5jmn
運動 舞曲,Dance to Jolin 蔡依林舞曲,7MY3dXs358zHptd1wonmwm,https://open.spotify.com/playlist/7MY3dXs358zHptd1wonmwm
運動 舞曲,健身良伴熱門舞曲混音（2019.2.13更新） by DJ Rainbowchild,65rocyaULdo29Ic8zn0dwZ,https://open.spotify.com/playlist/65rocyaULdo29Ic8zn0dwZ
運動 舞曲,運動舞曲,1TA0JIOdBc9lMXSh2Az4b8,https://open.spotify.com/playlist/1TA0JIOdBc9lMXSh2Az4b8
運動 舞曲,運動健身有氧動感舞曲,17DLTp6iDwrAlTtyzScifr,https://open.spotify.com/playlist/17DLTp6iDwrAlTtyzScifr
運動 舞曲,運動舞曲,54hQ3x3Drr6J7nP7acR415,https://open.spotify.com/playlist/54hQ3x3Drr6J7nP7acR415
運動 重金屬,重金屬 嘶吼,3TwwiXiA9NkxG0X9a9OjOr,https://open.spotify.com/playlist/3TwwiXiA9NkxG0X9a9OjOr
運動 重金屬,健身專用🍑,2nKLaVcN1UT60x10rCRe3N,https://open.spotify.com/playlist/2nKLaVcN1UT60x10rCRe3N
運動 重金屬,聽不膩的西洋嗨歌舞曲⚡️,5TvjgEjjbstlFNtK83Waw8,https://open.spotify.com/playlist/5TvjgEjjbstlFNtK83Waw8
運動 重金屬,重金屬,4UZrVbIhktfGpOSDWbLGKk,https://open.spotify.com/playlist/4UZrVbIhktfGpOSDWbLGKk
運動 重金屬,開車聽的華語嘻哈,2eFZrxyOJYd9OwZ0ZExzRH,https://open.spotify.com/playlist/2eFZrxyOJYd9OwZ0ZExzRH
運動 環境音樂,運動時聽音樂,1WQNzM1VSCITh0F9jdaoT6,https://open.spotify.com/playlist/1WQNzM1VSCITh0F9jdaoT6
運動 環境音樂,咖啡廳音樂,3INRTaUTylsbHfY1VSnWUV,https://open.spotify.com/playlist/3INRTaUTylsbHfY1VSnWUV
運動 環境音樂,節奏感很強的好歌,2oDbPjwHAkarjO0ohfKPJl,https://open.spotify.com/playlist/2oDbPjwHAkarjO0ohfKPJl
運動 環境音樂,深層放鬆。背景樂,6sfrdN93uthtKFWor970oF,https://open.spotify.com/playlist/6sfrdN93uthtKFWor970oF
運動 環境音樂,自律神經放鬆,4vXHk9lbqms8hZ0DMeU3bv,https://open.spotify.com/playlist/4vXHk9lbqms8hZ0DMeU3bv
運動 獨立音樂,北歐櫥窗 × 林貓王：好自在的居家音樂,0070i9QptHTNqi2DFwsDFU,https://open.spotify.com/playlist/0070i9QptHTNqi2DFwsDFU
開車 搖滾,開車輕搖滾,1YOMftEeIhsVgwpH1mQxsw,https://open.spotify.com/playlist/1YOMftEeIhsVgwpH1mQxsw
開車 搖滾,開車聽中文精選,4YoKGL2lltJEnxK4laBlkv,https://open.spotify.com/playlist/4YoKGL2lltJEnxK4laBlkv
開車 搖滾,2025抒情搖滾開車聽,5M59vdgBVBk39Y9elRJ4n3,https://open.spotify.com/playlist/5M59vdgBVBk39Y9elRJ4n3
開車 嘻哈,開車聽的華語嘻哈,2eFZrxyOJYd9OwZ0ZExzRH,https://open.spotify.com/playlist/2eFZrxyOJYd9OwZ0ZExzRH
開車 嘻哈,高端渣男開車把妹歌單,0MOz0wi0RJgrBDRQ3vrzo5,https://open.spotify.com/playlist/0MOz0wi0RJgrBDRQ3vrzo5
開車 嘻哈,鄉村嘻哈饒舌開車聽,2TLFzSUVTPvf1CaBMAxQWH,https://open.spotify.com/playlist/2TLFzSUVTPvf1CaBMAxQWH
開車 嘻哈,[Lucius']🚓Carplay▶,3KyETYMcOrnGlKgRhMRrZw,https://open.spotify.com/playlist/3KyETYMcOrnGlKgRhMRrZw
開車 古典,SUNDAY MORNING REGGAE,5oPg6lEH9Na5WNHeEBQrgE,https://open.spotify.com/playlist/5oPg6lEH9Na5WNHeEBQrgE
開車 古典,開車古典與跨界,4zufz44TvueglBmQLmWDC0,https://open.spotify.com/playlist/4zufz44TvueglBmQLmWDC0
開車 藍調,藍調開車輕音樂,1QrPCmcxWlG8W964mMsiS9,https://open.spotify.com/playlist/1QrPCmcxWlG8W964mMsiS9
開車 藍調,我的 Tokyo City Pop (1975-2022),4obM1ecVlPt7fGnKNydLJM,https://open.spotify.com/playlist/4obM1ecVlPt7fGnKNydLJM
開車 藍調,Chen Yinn: Continental Breakfast at 11AM,6k450y8opmqbTvzWvRcRQt,https://open.spotify.com/playlist/6k450y8opmqbTvzWvRcRQt
開車 藍調,開車超帶勁｜低音砲誰不愛,32tsMahZf884BoLhnhNpeG,https://open.spotify.com/playlist/32tsMahZf884BoLhnhNpeG
開車 舞曲,開車舞曲,3t2j3vwFr1q1kgpWK3tiRv,https://open.spotify.com/playlist/3t2j3vwFr1q1kgpWK3tiRv
開車 舞曲,開車舞曲,6ctOX3AhF1ShlxcTDwMeve,https://open.spotify.com/playlist/6ctOX3AhF1ShlxcTDwMeve
開車 重金屬,開車絕對唱到醒 ,6spBSUbFUlhDmIviqoHpva,https://open.spotify.com/playlist/6spBSUbFUlhDmIviqoHpva
開車 重金屬,開車聽的華語嘻哈,2eFZrxyOJYd9OwZ0ZExzRH,https://open.spotify.com/playlist/2eFZrxyOJYd9OwZ0ZExzRH
開車 重金屬,重金屬 嘶吼,3TwwiXiA9NkxG0X9a9OjOr,https://open.spotify.com/playlist/3TwwiXiA9NkxG0X9a9OjOr
開車 重金屬,開車電台(中文選集),2djhCpvmpgbMYF5iQ6Z7ls,https://open.spotify.com/playlist/2djhCpvmpgbMYF5iQ6Z7ls
開車 重金屬,深夜EMO歌單😭,1tO4QBBNOzxWzI1Ip9FQ0l,https://open.spotify.com/playlist/1tO4QBBNOzxWzI1Ip9FQ0l
開車 鄉村,鄉村嘻哈饒舌開車聽,2TLFzSUVTPvf1CaBMAxQWH,https://open.spotify.com/playlist/2TLFzSUVTPvf1CaBMAxQWH
開車 鄉村,開車路上：鄉村詩歌敬拜 Roadtrip Worship - Country Vibe,3aMOt2xJNz3EXhosuGpvJM,https://open.spotify.com/playlist/3aMOt2xJNz3EXhosuGpvJM
開車 靈魂,Classic Soul 經典靈魂樂,5VuKPUcU6ixBOhpU8Wkby9,https://open.spotify.com/playlist/5VuKPUcU6ixBOhpU8Wkby9
開車 靈魂,VOGUE人生歌單,5bY4Dijm6K8fjkLbP1ERDF,https://open.spotify.com/playlist/5bY4Dijm6K8fjkLbP1ERDF
開車 獨立音樂,高端渣女 開車必聽,6yUSUcAefbcLvz9QgWGTBO,https://open.spotify.com/playlist/6yUSUcAefbcLvz9QgWGTBO
專注 流行,讀書 工作背景音樂： 流行鋼琴 輕音樂BGM  Best Pop Piano Cover for Study and work time,1GBY81SEdp1ZzFdh0OEsyz,https://open.spotify.com/playlist/1GBY81SEdp1ZzFdh0OEsyz
專注 流行,治愈中英文流行鋼琴音樂 Soothing Piano Cover Mandarin & English Pop Songs 🎹,5MEfvlwXt4IHykG1twWwRO,https://open.spotify.com/playlist/5MEfvlwXt4IHykG1twWwRO
專注 流行,大熱門猜歌王完整版,4ZEcqqOzTrDOqSVp5Z057Q,https://open.spotify.com/playlist/4ZEcqqOzTrDOqSVp5Z057Q
專注 流行,台灣流行音樂200最佳專輯（1975-1993）（陶曉清、馬世芳、葉雲平）,153I2sMUhrmowGt6M8CFQu,https://open.spotify.com/playlist/153I2sMUhrmowGt6M8CFQu
專注 流行,安靜的稻草人,6WojxmOspbPxXWHumLK7Yt,https://open.spotify.com/playlist/6WojxmOspbPxXWHumLK7Yt
專注 搖滾,hyukoh_style,0oTk9VxP9PMG7tcjo3IpN2,https://open.spotify.com/playlist/0oTk9VxP9PMG7tcjo3IpN2
專注 搖滾,DREAM  POP,2pqkEW9XnGmaYTwcrzS4ox,https://open.spotify.com/playlist/2pqkEW9XnGmaYTwcrzS4ox
專注 搖滾,乾淨的髒｜英倫搖滾與專注背景音,7qyZP9doSIOE3M5n2glPdu,https://open.spotify.com/playlist/7qyZP9doSIOE3M5n2glPdu
專注 嘻哈,安靜的稻草人,2y2QrxD77834Jo9WYpGj23,https://open.spotify.com/playlist/2y2QrxD77834Jo9WYpGj23
專注 嘻哈,Hip-Hop / Rap,29jJsrz9EWgiHmyzNV27pt,https://open.spotify.com/playlist/29jJsrz9EWgiHmyzNV27pt
專注 電子,專注工作(輕電子),5YuNJ70W5efb9CxiWS7zo9,https://open.spotify.com/playlist/5YuNJ70W5efb9CxiWS7zo9
專注 電子,Psychedelic 快節奏大麻迷幻電子音樂 專注工作 ,7Kxo7JP8nx81BnmVgaHpBF,https://open.spotify.com/playlist/7Kxo7JP8nx81BnmVgaHpBF
專注 電子,電音合輯: K-POP 中的電子音樂 (Electronic Music in K-Pop),2aSVSTm61M36i5bXvO1IYI,https://open.spotify.com/playlist/2aSVSTm61M36i5bXvO1IYI
專注 民謠,"NO, THIS is 鳳飛飛（不，這才是鳳飛飛）—歌林篇",0aVhWL97eZdCLyye9iYdYW,https://open.spotify.com/playlist/0aVhWL97eZdCLyye9iYdYW
專注 古典,讀書用的專注音樂 輕音樂古典 Focus Music for Study,3LEcktKBDKOHFqTVG7V6Fr,https://open.spotify.com/playlist/3LEcktKBDKOHFqTVG7V6Fr
專注 古典,晨間專注：古典提神,1RGn0kLxOge6BZhEJsqPsF,https://open.spotify.com/playlist/1RGn0kLxOge6BZhEJsqPsF
專注 古典,專注古典&爵士Music for Work & Study,1qn7riDaXldeaoX5ZSpjN4,https://open.spotify.com/playlist/1qn7riDaXldeaoX5ZSpjN4
專注 古典,古典｜低音大提琴賞析,5U9hob6cNpKcwHZJcTTrq9,https://open.spotify.com/playlist/5U9hob6cNpKcwHZJcTTrq9
專注 古典,專注古典樂,4ThHsZxXwaGGWHrOVky0K5,https://open.spotify.com/playlist/4ThHsZxXwaGGWHrOVky0K5
專注 爵士,咖啡廳必備 微醺放鬆爵士樂,4fPygC1s2dXi6CpAL54k5q,https://open.spotify.com/playlist/4fPygC1s2dXi6CpAL54k5q
專注 爵士,專注古典&爵士Music for Work & Study,1qn7riDaXldeaoX5ZSpjN4,https://open.spotify.com/playlist/1qn7riDaXldeaoX5ZSpjN4
專注 爵士,古典｜低音大提琴賞析,5U9hob6cNpKcwHZJcTTrq9,https://open.spotify.com/playlist/5U9hob6cNpKcwHZJcTTrq9
專注 爵士,Nathanology presents: Aroma Deep House 002,63QL4cUqNYykTELZaf5z4d,https://open.spotify.com/playlist/63QL4cUqNYykTELZaf5z4d
專注 爵士,爵士BGM專注學習指南,3ZaHzdMCr2FtUhOGeigDnE,https://open.spotify.com/playlist/3ZaHzdMCr2FtUhOGeigDnE
專注 藍調,五月天熱門歌曲！,5rGKfMmuKH5UmEN0RguDP8,https://open.spotify.com/playlist/5rGKfMmuKH5UmEN0RguDP8
專注 藍調,聽了直接不專心,71ieLkJSiKZa9dNXucgbpk,https://open.spotify.com/playlist/71ieLkJSiKZa9dNXucgbpk
專注 藍調,中文藍調專輯,39Fsv0O91LwhYw68ZAQ81c,https://open.spotify.com/playlist/39Fsv0O91LwhYw68ZAQ81c
專注 藍調,《櫻蘭高校男公關部》原聲帶精選,4d2rJrmR8o86aMBgEkOP28,https://open.spotify.com/playlist/4d2rJrmR8o86aMBgEkOP28
專注 藍調,My top 10 of metal band,6SWohY2S1xOztILL8UE24H,https://open.spotify.com/playlist/6SWohY2S1xOztILL8UE24H
專注 R&B,周杰倫激推經典神曲 TOP 50！,11N5hycB8fKcFcTAp2psTb,https://open.spotify.com/playlist/11N5hycB8fKcFcTAp2psTb
專注 重金屬,重金屬搖滾樂,6pv6JND6VMzDXIe3LgdpLi,https://open.spotify.com/playlist/6pv6JND6VMzDXIe3LgdpLi
專注 鋼琴,鋼琴純音 放鬆舒心輕音樂 (工作/讀書/專注/療癒) Piano Music for Relax & Focus Moment,0hF1Ryb7JKM7uk6QyDOfDv,https://open.spotify.com/playlist/0hF1Ryb7JKM7uk6QyDOfDv
專注 鋼琴,鋼琴輕音樂 療癒森林 自然系專注純音樂,2LCyzaMiu0G1khojaDQsFw,https://open.spotify.com/playlist/2LCyzaMiu0G1khojaDQsFw
專注 鋼琴,鋼琴放鬆輕聽 咖啡廳 專注 讀書音樂,2ixJTBN77EJ9aYQcfltmb3,https://open.spotify.com/playlist/2ixJTBN77EJ9aYQcfltmb3
專注 環境音樂,深度專注-聆聽環境音樂 7.5Hr Listen to Ambient Music Long GC - 播放清單,3tisMqlr4G2OibRn5ewMfy,https://open.spotify.com/playlist/3tisMqlr4G2OibRn5ewMfy
專注 環境音樂,深層放鬆。背景樂,6sfrdN93uthtKFWor970oF,https://open.spotify.com/playlist/6sfrdN93uthtKFWor970oF
專注 環境音樂,讀書音樂 沉浸式學習音樂 專注力提升Study with Me,5BP3yzxkmMg7gcGg6pCgBD,https://open.spotify.com/playlist/5BP3yzxkmMg7gcGg6pCgBD
專注 獨立音樂,讀書工作鋼琴音樂studying working piano music,1rhN8BwkusnYLu9C7aAvpw,https://open.spotify.com/playlist/1rhN8BwkusnYLu9C7aAvpw
派對 搖滾,最好聽翻唱歌曲 Best Chinese Cover Songs,0qjQFOmCLgm9xomrzEWqSF,https://open.spotify.com/playlist/0qjQFOmCLgm9xomrzEWqSF
派對 搖滾,蘇慧倫 – 30週年值得3CD精選,3pK3H1liTRf2vHFOeMtDkA,https://open.spotify.com/playlist/3pK3H1liTRf2vHFOeMtDkA
派對 搖滾,俺のロックだ🎸,3Ve5dp3ysGaXtV3SAC2v1G,https://open.spotify.com/playlist/3Ve5dp3ysGaXtV3SAC2v1G
派對 搖滾,歡樂 派對 電子 搖滾樂,1TChiwKaSzB0zGBtQeb8MW,https://open.spotify.com/playlist/1TChiwKaSzB0zGBtQeb8MW
派對 搖滾,Let's Walk in Fussa!,3QszkV26fnDAI5IZi8ZYcV,https://open.spotify.com/playlist/3QszkV26fnDAI5IZi8ZYcV
派對 嘻哈,西洋嘻哈派對金曲,6h9zfHKZVfTupSjXmS4TNs,https://open.spotify.com/playlist/6h9zfHKZVfTupSjXmS4TNs
派對 嘻哈,中文華語嘻哈饒舌金曲,1WtGLeckkY2fMh84mokelw,https://open.spotify.com/playlist/1WtGLeckkY2fMh84mokelw
派對 嘻哈,嘻哈派對,35B0cHGStbygWdtppim5R9,https://open.spotify.com/playlist/35B0cHGStbygWdtppim5R9
派對 嘻哈,嘻哈派對3/5,0oDXNAP2KTFa9g0TPmm0ue,https://open.spotify.com/playlist/0oDXNAP2KTFa9g0TPmm0ue
派對 嘻哈,嘻哈派對,5s7njgWWPD1YSaPXhz1xhP,https://open.spotify.com/playlist/5s7njgWWPD1YSaPXhz1xhP
派對 電子,1͜͝8͜͝t͜͝i͜͝f͜͝y͜͝⓹百大混音⓹ 醉愛P̾̾a̾r̾t̾y̾夜店𝔻𝕁 ʍïẍ，經典舞曲絕對動感嗨翻你的派對,6GiBSJK4UwRkIWvmcP8jBw,https://open.spotify.com/playlist/6GiBSJK4UwRkIWvmcP8jBw
派對 電子,Contemporary classical music,0qGS5jIHjshFxpUuHYDOlZ,https://open.spotify.com/playlist/0qGS5jIHjshFxpUuHYDOlZ
派對 電子,2000-2010 千鿋年廣東歌 ,52HvTgEGMTqfbvAlx5wGPW,https://open.spotify.com/playlist/52HvTgEGMTqfbvAlx5wGPW
派對 電子,歡樂 派對 電子 搖滾樂,1TChiwKaSzB0zGBtQeb8MW,https://open.spotify.com/playlist/1TChiwKaSzB0zGBtQeb8MW
派對 電子,電子舞曲/派對,4dGY3Nq4Kf6GaylltVGHBd,https://open.spotify.com/playlist/4dGY3Nq4Kf6GaylltVGHBd
派對 民謠,最好聽翻唱歌曲 Best Chinese Cover Songs,0qjQFOmCLgm9xomrzEWqSF,https://open.spotify.com/playlist/0qjQFOmCLgm9xomrzEWqSF
派對 古典,卡拉揚-指揮帝王 Karajan Forever,2ObOcGxN0rpRlKQxnOg7wK,https://open.spotify.com/playlist/2ObOcGxN0rpRlKQxnOg7wK
派對 古典,是春天了呀～,2FxGfX5DGnWAUBDgHylunF,https://open.spotify.com/playlist/2FxGfX5DGnWAUBDgHylunF
派對 古典,Contemporary classical music,0qGS5jIHjshFxpUuHYDOlZ,https://open.spotify.com/playlist/0qGS5jIHjshFxpUuHYDOlZ
派對 爵士,最好聽翻唱歌曲 Best Chinese Cover Songs,0qjQFOmCLgm9xomrzEWqSF,https://open.spotify.com/playlist/0qjQFOmCLgm9xomrzEWqSF
派對 爵士,Contemporary classical music,0qGS5jIHjshFxpUuHYDOlZ,https://open.spotify.com/playlist/0qGS5jIHjshFxpUuHYDOlZ
派對 藍調,蘇慧倫 – 30週年值得3CD精選,3pK3H1liTRf2vHFOeMtDkA,https://open.spotify.com/playlist/3pK3H1liTRf2vHFOeMtDkA
派對 藍調,卡拉揚-指揮帝王 Karajan Forever,2ObOcGxN0rpRlKQxnOg7wK,https://open.spotify.com/playlist/2ObOcGxN0rpRlKQxnOg7wK
派對 藍調,國語兒歌,4R2qiFyK1slDblZx4bHN7o,https://open.spotify.com/playlist/4R2qiFyK1slDblZx4bHN7o
派對 藍調,致那些在暖男時代比較吃虧的暖女們,2xlfgzWh264kzrJFazxsrl,https://open.spotify.com/playlist/2xlfgzWh264kzrJFazxsrl
派對 藍調,台灣BL OST ,4TUWcfr11jm0YhA7b64LEF,https://open.spotify.com/playlist/4TUWcfr11jm0YhA7b64LEF
派對 舞曲,百大DJ - 2025,6dKSb1IG0CCJF7cZlAniu2,https://open.spotify.com/playlist/6dKSb1IG0CCJF7cZlAniu2
派對 舞曲,蘇慧倫 – 30週年值得3CD精選,3pK3H1liTRf2vHFOeMtDkA,https://open.spotify.com/playlist/3pK3H1liTRf2vHFOeMtDkA
派對 舞曲,DJ 慢搖remix 舞曲蹦蹦夜店八神抖音派對不停吃毒搖 一條K到想飛喇叭吹,0W4Ax6AMU2VWKIv9BMpsix,https://open.spotify.com/playlist/0W4Ax6AMU2VWKIv9BMpsix
派對 舞曲,2022百大DJ電音,6tv8ISAk9Br0yw05mNJ35R,https://open.spotify.com/playlist/6tv8ISAk9Br0yw05mNJ35R
派對 舞曲,1͜͝8͜͝t͜͝i͜͝f͜͝y͜͝⓹百大混音⓹ 醉愛P̾̾a̾r̾t̾y̾夜店𝔻𝕁 ʍïẍ，經典舞曲絕對動感嗨翻你的派對,6GiBSJK4UwRkIWvmcP8jBw,https://open.spotify.com/playlist/6GiBSJK4UwRkIWvmcP8jBw
派對 鄉村,鄉村派對,7sQVYhXcGsHcpoNbW6iCFG,https://open.spotify.com/playlist/7sQVYhXcGsHcpoNbW6iCFG
派對 靈魂,致那些在暖男時代比較吃虧的暖女們,2xlfgzWh264kzrJFazxsrl,https://open.spotify.com/playlist/2xlfgzWh264kzrJFazxsrl
派對 靈魂,時代少年團     TF3代   T.O.P登陸少年組合（all ）（我把ㄧ些無法播放的音檔刪了所以現在變成只有67小時多而已）,6GCNanmztNGOwj89tzakvI,https://open.spotify.com/playlist/6GCNanmztNGOwj89tzakvI
派對 鋼琴,ㄧ個人的孤單，靜靜地聽歌就沒事了。 #獨處 #安靜,5A1UdWLfrdCWaIIJN8AQId,https://open.spotify.com/playlist/5A1UdWLfrdCWaIIJN8AQId
派對 鋼琴,[KKBOX]ㄧ個人的孤單，靜靜地聽歌就沒事了。 / 2024-12-27,7qQtpaVDfT7HupuUHC3VZT,https://open.spotify.com/playlist/7qQtpaVDfT7HupuUHC3VZT
派對 鋼琴,Animation songs（日本動畫歌）,3JDWRNyvAftIjDSYzsKI49,https://open.spotify.com/playlist/3JDWRNyvAftIjDSYzsKI49
派對 鋼琴,Piano Talk 鋼琴說話,1oSn2CRJi0wu06vs3tCY3j,https://open.spotify.com/playlist/1oSn2CRJi0wu06vs3tCY3j
派對 吉他,心碎時，田馥甄 Hebe 的情歌陪我療傷💔,5G6QwvvFCIvhnM2qVucA3y,https://open.spotify.com/playlist/5G6QwvvFCIvhnM2qVucA3y
派對 獨立音樂,Let's Walk in Fussa!,3QszkV26fnDAI5IZi8ZYcV,https://open.spotify.com/playlist/3QszkV26fnDAI5IZi8ZYcV
睡覺 流行,睡覺音樂,16uBb0HLX2Cnnh2Rt69ucr,https://open.spotify.com/playlist/16uBb0HLX2Cnnh2Rt69ucr
睡覺 古典,睡覺古典,1jX1dHznm72ckUJo6ZKVjQ,https://open.spotify.com/playlist/1jX1dHznm72ckUJo6ZKVjQ
睡覺 古典,貓咪 狗狗 放鬆睡覺音樂 紓壓安撫 毛小孩陪伴音樂 Soothing Music for Cat  & Dog Sleep,5UwTT2apcnk8AQbU2qaZob,https://open.spotify.com/playlist/5UwTT2apcnk8AQbU2qaZob
睡覺 古典,古典睡覺音樂,6TFQwofzC9NZPLDqqqF3fo,https://open.spotify.com/playlist/6TFQwofzC9NZPLDqqqF3fo
睡覺 古典,睡覺前聽的古典樂,6EUFmv10m1RaxMsdwYFuWT,https://open.spotify.com/playlist/6EUFmv10m1RaxMsdwYFuWT
睡覺 古典,古典睡覺,7ci31uwD6auBgRdRJr38an,https://open.spotify.com/playlist/7ci31uwD6auBgRdRJr38an
睡覺 藍調,你啊你啊,1DsBpPPnYU8fxggDzBPJvK,https://open.spotify.com/playlist/1DsBpPPnYU8fxggDzBPJvK
睡覺 藍調,輕·藍調·睡覺·讀書,1YTKyaTMQbocWlIBVht2bi,https://open.spotify.com/playlist/1YTKyaTMQbocWlIBVht2bi
睡覺 R&B,抖音DJ版歌🤍🖤,4qM2j8M0Iweta7q2wyMJWu,https://open.spotify.com/playlist/4qM2j8M0Iweta7q2wyMJWu
睡覺 R&B,適合睡覺的英文歌 ,53BRsOjoYxW5gtM1kp0KQ7,https://open.spotify.com/playlist/53BRsOjoYxW5gtM1kp0KQ7
睡覺 R&B,宮崎駿睡覺,5iRQoGgDiPAMFroyOsKyhO,https://open.spotify.com/playlist/5iRQoGgDiPAMFroyOsKyhO
睡覺 R&B,英文抒情R&B,5PbJPOYZclXdzcvD22jq4P,https://open.spotify.com/playlist/5PbJPOYZclXdzcvD22jq4P
睡覺 R&B,抖音DJ版歌 🖤,5vyhvwLGup5cwU5q0klTd7,https://open.spotify.com/playlist/5vyhvwLGup5cwU5q0klTd7
睡覺 重金屬,適合睡覺的英文歌 ,53BRsOjoYxW5gtM1kp0KQ7,https://open.spotify.com/playlist/53BRsOjoYxW5gtM1kp0KQ7
睡覺 重金屬,睡前輕音樂,2KfOLFnRkiUwcXaG4IjRel,https://open.spotify.com/playlist/2KfOLFnRkiUwcXaG4IjRel
睡覺 重金屬,深度睡眠 |重度失眠者专用歌单,0ay6GpCWG7oATkGm1JQEVr,https://open.spotify.com/playlist/0ay6GpCWG7oATkGm1JQEVr
睡覺 鋼琴,鋼琴睡覺,7kvoBVyzFcprZ8XQyxiWfs,https://open.spotify.com/playlist/7kvoBVyzFcprZ8XQyxiWfs
睡覺 鋼琴,鋼琴音樂（讀書、睡覺、放鬆）,1P97Sf4Ayz67HyjWF7zhD8,https://open.spotify.com/playlist/1P97Sf4Ayz67HyjWF7zhD8
睡覺 鋼琴,鋼琴鋼琴睡覺用,16SDA9e2JG2aP9sB3B6V9v,https://open.spotify.com/playlist/16SDA9e2JG2aP9sB3B6V9v
睡覺 鋼琴,小後苑睡覺歌單（鋼琴）,0sQmp1iQpKiCoJOEvOVrIA,https://open.spotify.com/playlist/0sQmp1iQpKiCoJOEvOVrIA
睡覺 環境音樂,適合睡覺的英文歌 ,53BRsOjoYxW5gtM1kp0KQ7,https://open.spotify.com/playlist/53BRsOjoYxW5gtM1kp0KQ7
睡覺 環境音樂,睡前輕音樂,2KfOLFnRkiUwcXaG4IjRel,https://open.spotify.com/playlist/2KfOLFnRkiUwcXaG4IjRel
睡覺 獨立音樂,適合睡覺的英文歌 ,53BRsOjoYxW5gtM1kp0KQ7,https://open.spotify.com/playlist/53BRsOjoYxW5gtM1kp0KQ7
睡覺 獨立音樂,睡前輕音樂,2KfOLFnRkiUwcXaG4IjRel,https://open.spotify.com/playlist/2KfOLFnRkiUwcXaG4IjRel
咖啡 流行,中文流行咖啡純音樂 Mandarin Pop Coffee Music 🎹,1B9CLvqdcUVNSbAJ0DXhPv,https://open.spotify.com/playlist/1B9CLvqdcUVNSbAJ0DXhPv
咖啡 流行,鋼琴閱讀咖啡廳 輕音樂華語流行 古典樂大師合輯,1gHJyCBX7kgzpca11z2d0v,https://open.spotify.com/playlist/1gHJyCBX7kgzpca11z2d0v
咖啡 流行,中文流行咖啡純音樂 Mandarin Pop Coffee Music 🎹,1RQo0ddxUhZ4XuOTwuXVXj,https://open.spotify.com/playlist/1RQo0ddxUhZ4XuOTwuXVXj
咖啡 搖滾,:: 𝑪𝑶𝑭𝑭𝑬𝑬 — 𝑺𝑯𝑶𝑷 ::,2w43sY3USO1CGhKQFGbfW4,https://open.spotify.com/playlist/2w43sY3USO1CGhKQFGbfW4
咖啡 電子,☕️,6OsWwMjoK6bNFyAsDaox3R,https://open.spotify.com/playlist/6OsWwMjoK6bNFyAsDaox3R
咖啡 民謠,旭舊咖啡廳歌單,4YS3Uvq8O7hstH702WVVr1,https://open.spotify.com/playlist/4YS3Uvq8O7hstH702WVVr1
咖啡 民謠,咖啡廳民謠,6mTT7KuKh4U53n78VnOXp5,https://open.spotify.com/playlist/6mTT7KuKh4U53n78VnOXp5
咖啡 古典,鋼琴閱讀咖啡廳 輕音樂華語流行 古典樂大師合輯,1gHJyCBX7kgzpca11z2d0v,https://open.spotify.com/playlist/1gHJyCBX7kgzpca11z2d0v
咖啡 古典,鋼琴爵士古典午茶 宮崎駿代表作 咖啡廳最愛播的,5w9DuCZahTbpUwDeuXk1OX,https://open.spotify.com/playlist/5w9DuCZahTbpUwDeuXk1OX
咖啡 古典,WFH 在家上班輕古典,5bQqj7fjnm3vW1zP8d5yxv,https://open.spotify.com/playlist/5bQqj7fjnm3vW1zP8d5yxv
咖啡 古典,☕️有朝一日的咖啡馆,30DcFtcJ90R3JvoV18l2PO,https://open.spotify.com/playlist/30DcFtcJ90R3JvoV18l2PO
咖啡 爵士,咖啡店柔和的爵士,6VFBLYsKQXmr8S3QLGdh6x,https://open.spotify.com/playlist/6VFBLYsKQXmr8S3QLGdh6x
咖啡 爵士,浪漫芭莎諾瓦 爵士經典咖啡館,4phiQX5QSd4oHe9KnCXrOI,https://open.spotify.com/playlist/4phiQX5QSd4oHe9KnCXrOI
咖啡 爵士,咖啡廳音樂 Relaxing Coffee Music BGM,2pR8oELXQ2GjluBbPNzdao,https://open.spotify.com/playlist/2pR8oELXQ2GjluBbPNzdao
咖啡 爵士,爵士 沙發音樂咖啡廳音樂,4BNvDYSKtmHfIke8gK3Ony,https://open.spotify.com/playlist/4BNvDYSKtmHfIke8gK3Ony
咖啡 爵士,c'est la vie 香榭咖啡館,1FwqaXHURH4cfO8yFV8hj1,https://open.spotify.com/playlist/1FwqaXHURH4cfO8yFV8hj1
咖啡 藍調,聖誕氣氛鋼琴咖啡館: 爵士藍調聖誕必備精選輯,1JLzpORkY3cuoEaESmG4U0,https://open.spotify.com/playlist/1JLzpORkY3cuoEaESmG4U0
咖啡 藍調,水星 藍調 咖啡 激烈,5Qv7C6QV5Fp13K5Jtjetih,https://open.spotify.com/playlist/5Qv7C6QV5Fp13K5Jtjetih
咖啡 藍調,你會來看我嗎？ Firdhaus 你會來看我嗎 我愛的花 你帶了嗎 床腳下的抽屜裡 夾著幾張禮券還沒逾期 不再光臨的咖啡廳 它一定在門口等著我 不要再讓它遭受雨淋 照顧它 好嗎 抱歉 我無法 你會來看,35gxlEzpdEtKP1fBek5ktn,https://open.spotify.com/playlist/35gxlEzpdEtKP1fBek5ktn
咖啡 藍調,studying ur mom,0mvTxrfxRpe6bl8eBhyOkE,https://open.spotify.com/playlist/0mvTxrfxRpe6bl8eBhyOkE
咖啡 R&B,手持冰咖啡散步東京（隨時更新）,6saBjWhUZOBeSsUuVVfhP1,https://open.spotify.com/playlist/6saBjWhUZOBeSsUuVVfhP1
咖啡 R&B,咖啡廳音樂,3INRTaUTylsbHfY1VSnWUV,https://open.spotify.com/playlist/3INRTaUTylsbHfY1VSnWUV
咖啡 R&B,放鬆的英文歌,5pG0W8g6THUErmKGo70eIj,https://open.spotify.com/playlist/5pG0W8g6THUErmKGo70eIj
咖啡 重金屬,咖啡廳音樂,3INRTaUTylsbHfY1VSnWUV,https://open.spotify.com/playlist/3INRTaUTylsbHfY1VSnWUV
咖啡 鄉村,咖啡廳(鄉村),3tjpdXt2pw8YPZ267OZH8P,https://open.spotify.com/playlist/3tjpdXt2pw8YPZ267OZH8P
咖啡 鋼琴,"早上鋼琴音樂: 早上最適合聽的輕音樂, 咖啡廳鋼琴背景音樂",58NpJEaVdU1YgqLz9TAOXL,https://open.spotify.com/playlist/58NpJEaVdU1YgqLz9TAOXL
咖啡 鋼琴,咖啡廳音樂 Relaxing Coffee Music BGM,2pR8oELXQ2GjluBbPNzdao,https://open.spotify.com/playlist/2pR8oELXQ2GjluBbPNzdao
咖啡 鋼琴,輕音樂 鋼琴曲 舒適雨夜 讀書咖啡廳,6PDXPoSlMhBoDuxtZAYWSz,https://open.spotify.com/playlist/6PDXPoSlMhBoDuxtZAYWSz
咖啡 鋼琴,鋼琴閱讀咖啡廳 輕音樂華語流行 古典樂大師合輯,1gHJyCBX7kgzpca11z2d0v,https://open.spotify.com/playlist/1gHJyCBX7kgzpca11z2d0v
咖啡 鋼琴,鋼琴放鬆輕聽 咖啡廳 專注 讀書音樂,2ixJTBN77EJ9aYQcfltmb3,https://open.spotify.com/playlist/2ixJTBN77EJ9aYQcfltmb3
咖啡 吉他,独处时，才能成为真正的自己,022SH7gTB6sbcYfyJeXNbx,https://open.spotify.com/playlist/022SH7gTB6sbcYfyJeXNbx
咖啡 環境音樂,咖啡廳音樂,3INRTaUTylsbHfY1VSnWUV,https://open.spotify.com/playlist/3INRTaUTylsbHfY1VSnWUV
咖啡 獨立音樂,Chinese Indie Music / 華語獨立音樂,4NBuL1C3NHdbAVWDKq8zqt,https://open.spotify.com/playlist/4NBuL1C3NHdbAVWDKq8zqt
咖啡 獨立音樂,咖啡廳音樂,3INRTaUTylsbHfY1VSnWUV,https://open.spotify.com/playlist/3INRTaUTylsbHfY1VSnWUV
咖啡 獨立音樂,陳綺貞代表作,6bRRU8CsfgtAziu3qWwwTL,https://open.spotify.com/playlist/6bRRU8CsfgtAziu3qWwwTL
雨天 流行,悲伤的流行歌 - 1.3加速版,1Vl8VaQYbxzKZImxhhZaRK,https://open.spotify.com/playlist/1Vl8VaQYbxzKZImxhhZaRK
雨天 流行,CHAOSLAB混沌实验室 | 适合在下雨天听的日本流行乐歌单|雨天散步,2VkBZ6nxzfXD7DmzLtAesR,https://open.spotify.com/playlist/2VkBZ6nxzfXD7DmzLtAesR
雨天 流行,下雨天散步歌单,4FlMJ6Lxg0hS83U5hYbyVZ,https://open.spotify.com/playlist/4FlMJ6Lxg0hS83U5hYbyVZ
雨天 古典, ,0UK3bCGbhuNu8XpgIB16Gn,https://open.spotify.com/playlist/0UK3bCGbhuNu8XpgIB16Gn
雨天 爵士,下雨天了怎麼辦,4xhj0tYHi0c9UhCpyrj35u,https://open.spotify.com/playlist/4xhj0tYHi0c9UhCpyrj35u
雨天 爵士,城市歌单｜平静时刻：在樹下小坐,3p4Z1SLSTp8Uc8R3FNGM3D,https://open.spotify.com/playlist/3p4Z1SLSTp8Uc8R3FNGM3D
雨天 R&B,抖音Douyin热门歌曲2025 🤍,3rNqxghsSqsloXkPly9FIU,https://open.spotify.com/playlist/3rNqxghsSqsloXkPly9FIU
雨天 R&B,英文抒情R&B,5PbJPOYZclXdzcvD22jq4P,https://open.spotify.com/playlist/5PbJPOYZclXdzcvD22jq4P
雨天 R&B,呱吉音樂清單總匯,32FNzOJEmsHNmXKaBecw5c,https://open.spotify.com/playlist/32FNzOJEmsHNmXKaBecw5c
雨天 獨立音樂,雨中Indie,5HTBeDtx20pRegUHNlm9Ls,https://open.spotify.com/playlist/5HTBeDtx20pRegUHNlm9Ls
旅行 流行,陪七八年級生長大的歌,3kKALvUubtPlq1Mioobwgt,https://open.spotify.com/playlist/3kKALvUubtPlq1Mioobwgt
旅行 流行,角頭,6ywpTH6JNHV7OzlRP41Qw9,https://open.spotify.com/playlist/6ywpTH6JNHV7OzlRP41Qw9
旅行 流行,2024 中文流行歌曲精选 - 带你旅行，感受世界之声,3ptoGOT6TQud6qn6rNniA7,https://open.spotify.com/playlist/3ptoGOT6TQud6qn6rNniA7
旅行 流行,华语流行,77XamXfHZuNYl0FOVRBvdg,https://open.spotify.com/playlist/77XamXfHZuNYl0FOVRBvdg
旅行 流行,🌼 流行歌曲：丁香花,5PGCr1VeLIsoHM800QGPqr,https://open.spotify.com/playlist/5PGCr1VeLIsoHM800QGPqr
旅行 爵士,爵士旅行到巴西 爵士咖啡廳音樂,6V6Og6iNx94SL2q6UF2acQ,https://open.spotify.com/playlist/6V6Og6iNx94SL2q6UF2acQ
旅行 藍調,高妍【東京戀愛少女】＃東京情調歌單 ,4hxwmN97WSpqnCfZzPJ1K1,https://open.spotify.com/playlist/4hxwmN97WSpqnCfZzPJ1K1
旅行 藍調,😘BUS TRAVELING🚍 FEELING🎶 SONG TAMIL 😘,4RMFbtFuSfWy94yms7gm8w,https://open.spotify.com/playlist/4RMFbtFuSfWy94yms7gm8w
旅行 靈魂,投影夜晚公路旅行,1aKKuGWDE876g8BSGYr0YN,https://open.spotify.com/playlist/1aKKuGWDE876g8BSGYr0YN
旅行 靈魂,慵懶靈魂 #On the Vacation,334NhF8dmDuH4uTqb86CIK,https://open.spotify.com/playlist/334NhF8dmDuH4uTqb86CIK
夜晚 流行,05 Lo-fi Here,3pHilHgRouaVGEvlypHStJ,https://open.spotify.com/playlist/3pHilHgRouaVGEvlypHStJ
夜晚 流行,夜晚輕聽的吉他鋼琴經典流行,0iF7YN4wqYDxcVZ98G5c4L,https://open.spotify.com/playlist/0iF7YN4wqYDxcVZ98G5c4L
夜晚 流行,夜晚特選爵士流行樂,1HcjQ7dzRD8DVoGGWM3BqD,https://open.spotify.com/playlist/1HcjQ7dzRD8DVoGGWM3BqD
夜晚 流行,孤單夜貓族,1yh9DQZqUfyOh4fFMQDId7,https://open.spotify.com/playlist/1yh9DQZqUfyOh4fFMQDId7
夜晚 流行,夜晚听歌,75w6L8tlhaudN2DQAiTWzD,https://open.spotify.com/playlist/75w6L8tlhaudN2DQAiTWzD
夜晚 搖滾,英倫搖滾 by SR,1z7HKH2fLVCqtuMmvhcDvv,https://open.spotify.com/playlist/1z7HKH2fLVCqtuMmvhcDvv
夜晚 搖滾,孤單夜貓族,1yh9DQZqUfyOh4fFMQDId7,https://open.spotify.com/playlist/1yh9DQZqUfyOh4fFMQDId7
夜晚 古典,#7 Sleepy Strings｜Music for better sleep,6xTAMNLCTaTWaHTo6ZK3xE,https://open.spotify.com/playlist/6xTAMNLCTaTWaHTo6ZK3xE
夜晚 爵士,#8 Jazzy Night｜Music for better sleep,2HySQHWHlGsIDRA7wv89Vy,https://open.spotify.com/playlist/2HySQHWHlGsIDRA7wv89Vy
夜晚 爵士,夜晚特選爵士流行樂,1HcjQ7dzRD8DVoGGWM3BqD,https://open.spotify.com/playlist/1HcjQ7dzRD8DVoGGWM3BqD
夜晚 爵士,夜晚爵士,65FMyczlidZGlttZNi9A7g,https://open.spotify.com/playlist/65FMyczlidZGlttZNi9A7g
夜晚 爵士,爵士之夜,6IOry7cWQxnrMZcg7P64nN,https://open.spotify.com/playlist/6IOry7cWQxnrMZcg7P64nN
夜晚 爵士,爵士-慢板-夜晚（公開）,30EKdl9JT0Tcwykt4IH1ly,https://open.spotify.com/playlist/30EKdl9JT0Tcwykt4IH1ly
夜晚 藍調,80後貨車佬... 最愛,1EBioOp3kcHFTtSktqJkjh,https://open.spotify.com/playlist/1EBioOp3kcHFTtSktqJkjh
夜晚 R&B,放鬆的英文歌,5pG0W8g6THUErmKGo70eIj,https://open.spotify.com/playlist/5pG0W8g6THUErmKGo70eIj
夜晚 R&B,英文抒情R&B,5PbJPOYZclXdzcvD22jq4P,https://open.spotify.com/playlist/5PbJPOYZclXdzcvD22jq4P
夜晚 R&B,#1 Floating Slumber ｜Music for better sleep,3L0auc8C7T3NMxev9ue2sh,https://open.spotify.com/playlist/3L0auc8C7T3NMxev9ue2sh
夜晚 R&B,R&B 深夜中文歌曲,2MDA0dvstMcjudUfXdTNip,https://open.spotify.com/playlist/2MDA0dvstMcjudUfXdTNip
夜晚 R&B,05 Lo-fi Here,3pHilHgRouaVGEvlypHStJ,https://open.spotify.com/playlist/3pHilHgRouaVGEvlypHStJ
夜晚 重金屬,深夜EMO歌單😭,1tO4QBBNOzxWzI1Ip9FQ0l,https://open.spotify.com/playlist/1tO4QBBNOzxWzI1Ip9FQ0l
夜晚 重金屬,重金屬 嘶吼,3TwwiXiA9NkxG0X9a9OjOr,https://open.spotify.com/playlist/3TwwiXiA9NkxG0X9a9OjOr
夜晚 重金屬,深夜Emo歌单,0aWx2aGIoUZ2Sz8QNhgbfj,https://open.spotify.com/playlist/0aWx2aGIoUZ2Sz8QNhgbfj
夜晚 重金屬,死亡重金屬ROCK（綜合單曲）,0rzqZrnlwDrTfAIuyxjSkP,https://open.spotify.com/playlist/0rzqZrnlwDrTfAIuyxjSkP
夜晚 重金屬,開車不會睡覺歌,0jwVtS6su5rbFkTuIkSGgY,https://open.spotify.com/playlist/0jwVtS6su5rbFkTuIkSGgY
夜晚 靈魂,#1 Floating Slumber ｜Music for better sleep,3L0auc8C7T3NMxev9ue2sh,https://open.spotify.com/playlist/3L0auc8C7T3NMxev9ue2sh
夜晚 靈魂,心靈安定劑,01GUkb3lNrOddMBHqI3AlL,https://open.spotify.com/playlist/01GUkb3lNrOddMBHqI3AlL
夜晚 靈魂,投影夜晚公路旅行,1aKKuGWDE876g8BSGYr0YN,https://open.spotify.com/playlist/1aKKuGWDE876g8BSGYr0YN
夜晚 靈魂,慵懶靈魂 #At the Morning and Night,6KzhIxjlgO5htf4eQOClmP,https://open.spotify.com/playlist/6KzhIxjlgO5htf4eQOClmP
夜晚 靈魂,5/10《靈魂出竅》 vol.1  導聆歌單,3gVh0aHQ48YKbxGtTzciG6,https://open.spotify.com/playlist/3gVh0aHQ48YKbxGtTzciG6
夜晚 鋼琴,鋼琴純音 放鬆舒心輕音樂 (工作/讀書/專注/療癒) Piano Music for Relax & Focus Moment,0hF1Ryb7JKM7uk6QyDOfDv,https://open.spotify.com/playlist/0hF1Ryb7JKM7uk6QyDOfDv
夜晚 環境音樂,睡眠音樂  放鬆夜曲純音樂 舒適深層睡眠 Sleep Music of Nocturne Lullaby for Deep Sleep,5VkRxPO9aTYfKiYqyK8vMh,https://open.spotify.com/playlist/5VkRxPO9aTYfKiYqyK8vMh
夜晚 環境音樂,適合睡覺的英文歌 ,53BRsOjoYxW5gtM1kp0KQ7,https://open.spotify.com/playlist/53BRsOjoYxW5gtM1kp0KQ7
夜晚 環境音樂,綠鋼琴／綠森林／古典鋼琴／現代鋼琴／助眠樂曲,1XNQrrbUPfdyGzSkdwDSqK,https://open.spotify.com/playlist/1XNQrrbUPfdyGzSkdwDSqK
夜晚 環境音樂,宮崎駿放鬆睡覺覺音樂,0WTXU5efxizSD5qmZ35svF,https://open.spotify.com/playlist/0WTXU5efxizSD5qmZ35svF
夜晚 環境音樂,深夜EMO歌單😭,1tO4QBBNOzxWzI1Ip9FQ0l,https://open.spotify.com/playlist/1tO4QBBNOzxWzI1Ip9FQ0l
浪漫 流行,中文流行吉他曲 Chinese Pop Guitar BGM,4103RiwGxAfpBfwV6tLZYO,https://open.spotify.com/playlist/4103RiwGxAfpBfwV6tLZYO
浪漫 流行,任然好聽歌,2cUgJibLVRJny5waoWfoBL,https://open.spotify.com/playlist/2cUgJibLVRJny5waoWfoBL
浪漫 電子,法式的浪漫電子節拍,4Gac4AvClzKTIdYdw20Oib,https://open.spotify.com/playlist/4Gac4AvClzKTIdYdw20Oib
浪漫 電子,OMD Remixes,2R9ult3a5MlPUNxnZZjHBV,https://open.spotify.com/playlist/2R9ult3a5MlPUNxnZZjHBV
浪漫 民謠,旭舊咖啡廳歌單,4YS3Uvq8O7hstH702WVVr1,https://open.spotify.com/playlist/4YS3Uvq8O7hstH702WVVr1
浪漫 古典,英文經典老情歌,16jvnrJ0RHzwq400YRgzXv,https://open.spotify.com/playlist/16jvnrJ0RHzwq400YRgzXv
浪漫 古典,下午茶鋼琴純音樂 古典浪漫名曲 Classical music for afternoon tea,7f0Ml2EuooGN3M1vQOoIkG,https://open.spotify.com/playlist/7f0Ml2EuooGN3M1vQOoIkG
浪漫 古典,浪漫時刻－古典心意－149合法公播音樂清單,2ViJy90HqcStXiKbrF92HY,https://open.spotify.com/playlist/2ViJy90HqcStXiKbrF92HY
浪漫 古典,浪漫古典,61k6dIBBT3mjPzAthXAlcM,https://open.spotify.com/playlist/61k6dIBBT3mjPzAthXAlcM
浪漫 古典,古典與浪漫派大提琴,29WoKt9aREPrjv0ZiN86u6,https://open.spotify.com/playlist/29WoKt9aREPrjv0ZiN86u6
浪漫 爵士,浪漫芭莎諾瓦 爵士經典咖啡館,4phiQX5QSd4oHe9KnCXrOI,https://open.spotify.com/playlist/4phiQX5QSd4oHe9KnCXrOI
浪漫 爵士,浪漫爵士樂,7CwtoLX8zVmuP1hY2KRidG,https://open.spotify.com/playlist/7CwtoLX8zVmuP1hY2KRidG
浪漫 爵士,浪漫爵士,3s4BQKAXfFJqB7QHGIF1bU,https://open.spotify.com/playlist/3s4BQKAXfFJqB7QHGIF1bU
浪漫 爵士,爵士浪漫音樂,6Zwl4IdeTAewMVNyCETLOP,https://open.spotify.com/playlist/6Zwl4IdeTAewMVNyCETLOP
浪漫 爵士,浪漫輕鬆爵士,4rOnekGm5V1Ch4ps3BCDDX,https://open.spotify.com/playlist/4rOnekGm5V1Ch4ps3BCDDX
浪漫 藍調,《淚之女王》韓劇原聲帶,0hCCY5XNyX2fQD3EOTpzOU,https://open.spotify.com/playlist/0hCCY5XNyX2fQD3EOTpzOU
浪漫 藍調,🇰🇷 歡迎來到王之國 OST,2Nz91nHaTMIjHfw8jlfmtD,https://open.spotify.com/playlist/2Nz91nHaTMIjHfw8jlfmtD
浪漫 藍調,超級懷念西洋情歌,4eyvBX6klE7md4xsi1XyVm,https://open.spotify.com/playlist/4eyvBX6klE7md4xsi1XyVm
浪漫 藍調,This Is YOASOBI,6HE7fgH6gnebYMF47YTB7R,https://open.spotify.com/playlist/6HE7fgH6gnebYMF47YTB7R
浪漫 藍調,《Run On 奔向愛情》韓劇原聲帶,4NcXq5uTMimVajpJCriqpn,https://open.spotify.com/playlist/4NcXq5uTMimVajpJCriqpn
浪漫 舞曲,✨浪漫主义与星辰海波,30yyY8QqgovmlT9dOYXcn3,https://open.spotify.com/playlist/30yyY8QqgovmlT9dOYXcn3
浪漫 鄉村,西洋鄉村情歌,6t3tFUvchDu9hBWEgT8g3n,https://open.spotify.com/playlist/6t3tFUvchDu9hBWEgT8g3n
浪漫 鄉村,Kenny Rogers 肯尼羅傑斯 沙啞渾厚的嗓音，演唱鄉村歌曲入木三分,3g9pynprzCjigFWfWlYHqY,https://open.spotify.com/playlist/3g9pynprzCjigFWfWlYHqY
浪漫 靈魂,浪漫·靈魂,3K3hhlGBXoT758EakSfkFZ,https://open.spotify.com/playlist/3K3hhlGBXoT758EakSfkFZ
浪漫 靈魂,記憶中那些浪漫的歌,67puGdQPMNdAKQ0rsiNW0B,https://open.spotify.com/playlist/67puGdQPMNdAKQ0rsiNW0B
浪漫 獨立音樂,獨立音樂｜抒情 浪漫 搖滾,3ovUIKj3cpr3xcLIDEaVvk,https://open.spotify.com/playlist/3ovUIKj3cpr3xcLIDEaVvk
回憶 搖滾,英語歌唱比賽媽媽樂幹,30Q0ijUASh2aLjhJFEtsbd,https://open.spotify.com/playlist/30Q0ijUASh2aLjhJFEtsbd
回憶 搖滾,伍佰 & China Blue ｜Legacy TERA搖滾音樂會歌單,6WfZbEoPYFWWR3HnFrpJQL,https://open.spotify.com/playlist/6WfZbEoPYFWWR3HnFrpJQL
回憶 搖滾,Leaf And Stream-60‘-80‘回顧20210611,6LDMn8cHfbX4uOMCoy0can,https://open.spotify.com/playlist/6LDMn8cHfbX4uOMCoy0can
回憶 嘻哈,青春回憶嘻哈夜店,52dzC4lktnNBLtY3urWuJ8,https://open.spotify.com/playlist/52dzC4lktnNBLtY3urWuJ8
回憶 嘻哈,「失序場」不藏私音樂清單,4bvtIuKDYlaUUEsfPxQ128,https://open.spotify.com/playlist/4bvtIuKDYlaUUEsfPxQ128
回憶 電子,Leaf And Stream-60‘-80‘回顧20210611,6LDMn8cHfbX4uOMCoy0can,https://open.spotify.com/playlist/6LDMn8cHfbX4uOMCoy0can
回憶 古典,Leaf And Stream-60‘-80‘回顧20210611,6LDMn8cHfbX4uOMCoy0can,https://open.spotify.com/playlist/6LDMn8cHfbX4uOMCoy0can
回憶 爵士,爵士。早午餐。咖啡,3VZTAD5M7zsj0s5L6alC8d,https://open.spotify.com/playlist/3VZTAD5M7zsj0s5L6alC8d
回憶 爵士,爵樂女伶的慢板,1atHIKMs5HJMLwnKsIIeeN,https://open.spotify.com/playlist/1atHIKMs5HJMLwnKsIIeeN
回憶 爵士,Leaf And Stream-60‘-80‘回顧20210611,6LDMn8cHfbX4uOMCoy0can,https://open.spotify.com/playlist/6LDMn8cHfbX4uOMCoy0can
回憶 藍調,90's出生的台灣人聽什麼 Mandarin  songs for the 90’s born Taiwanese ,1DDCTI0cA7156dFREQnpTx,https://open.spotify.com/playlist/1DDCTI0cA7156dFREQnpTx
回憶 藍調,致那些在暖男時代比較吃虧的暖女們,2xlfgzWh264kzrJFazxsrl,https://open.spotify.com/playlist/2xlfgzWh264kzrJFazxsrl
回憶 藍調,80年代華語金曲 Back To The 80’s  和你一起復刻回憶,4SoI2r3j4j6yepNmnJOoM4,https://open.spotify.com/playlist/4SoI2r3j4j6yepNmnJOoM4
回憶 藍調,電視兒童的回憶像飄著的藍襯衫,1zAY7vdBIiQw0ZzmWDTt5f,https://open.spotify.com/playlist/1zAY7vdBIiQw0ZzmWDTt5f
回憶 藍調,April 2025: 愛是快樂的事情。,3HrAqYqOSBoQGIivUXM9vA,https://open.spotify.com/playlist/3HrAqYqOSBoQGIivUXM9vA
回憶 R&B,開車絕對唱到醒 ,6spBSUbFUlhDmIviqoHpva,https://open.spotify.com/playlist/6spBSUbFUlhDmIviqoHpva
回憶 重金屬,粤语流行音樂金榜,6LGHM1nMCJvtu42aUUdNqy,https://open.spotify.com/playlist/6LGHM1nMCJvtu42aUUdNqy
回憶 靈魂,致那些在暖男時代比較吃虧的暖女們,2xlfgzWh264kzrJFazxsrl,https://open.spotify.com/playlist/2xlfgzWh264kzrJFazxsrl
回憶 靈魂,深夜﹒回憶,0drLz1X0Utb5Dz1rTvJNq0,https://open.spotify.com/playlist/0drLz1X0Utb5Dz1rTvJNq0
回憶 獨立音樂,「失序場」不藏私音樂清單,4bvtIuKDYlaUUEsfPxQ128,https://open.spotify.com/playlist/4bvtIuKDYlaUUEsfPxQ128
悠閒 流行,日本動畫電影戲劇游戲流行鋼琴曲/ Japanese Anime films Games Pop Piano BGM,74m3Qte7XRDFb10YcgM9a2,https://open.spotify.com/playlist/74m3Qte7XRDFb10YcgM9a2
悠閒 爵士,渡假放鬆輕爵士 Jazz & Bossa Vacation Music,0Udg4PK527sPTsJylq0q2X,https://open.spotify.com/playlist/0Udg4PK527sPTsJylq0q2X
悠閒 R&B,放鬆木吉他  Relaxing Acoustic Guitar Music,3ZqI14L87PJJSF5aV9qsV5,https://open.spotify.com/playlist/3ZqI14L87PJJSF5aV9qsV5
悠閒 R&B,英文抒情R&B,5PbJPOYZclXdzcvD22jq4P,https://open.spotify.com/playlist/5PbJPOYZclXdzcvD22jq4P
悠閒 舞曲,輕鬆不插電,6lqiAAzdUs1LUBqcoJSRXB,https://open.spotify.com/playlist/6lqiAAzdUs1LUBqcoJSRXB
悠閒 靈魂,靈魂悠閒mellow迷幻復古慵懶,5lMZ6egTmYcRsG7Os1D6KP,https://open.spotify.com/playlist/5lMZ6egTmYcRsG7Os1D6KP
孤獨 流行,台灣流行歌曲鋼琴音樂 Taiwan Pop Piano Instrumental,3FUFVoC4VnwiMNmE7jbOUm,https://open.spotify.com/playlist/3FUFVoC4VnwiMNmE7jbOUm
孤獨 流行,最好聽閩南台語歌曲 Best Minnan Hokkien and Taiwanese Songs,7IewS40UX5iWouGGCSU3V0,https://open.spotify.com/playlist/7IewS40UX5iWouGGCSU3V0
孤獨 流行,治愈中文流行鋼琴音樂 Soothing Piano Cover Mandarin Pop Songs 🎹,0NbLDjbrJUVz8heso1Uqwz,https://open.spotify.com/playlist/0NbLDjbrJUVz8heso1Uqwz
孤獨 流行,烟嗓伤情歌,2wWFeogwlYNcYFxe92rmNy,https://open.spotify.com/playlist/2wWFeogwlYNcYFxe92rmNy
孤獨 流行,日本動畫電影戲劇游戲流行鋼琴曲/ Japanese Anime films Games Pop Piano BGM,74m3Qte7XRDFb10YcgM9a2,https://open.spotify.com/playlist/74m3Qte7XRDFb10YcgM9a2
孤獨 搖滾,孤獨搖滾｜ぼっち・ざ・ろっく！｜Bocchi the Rock !,2yrCsys7uTEMQ6ex5vjieU,https://open.spotify.com/playlist/2yrCsys7uTEMQ6ex5vjieU
孤獨 搖滾,孤獨搖滾全曲目,7iNDQZL4SmRoWVwxwANCss,https://open.spotify.com/playlist/7iNDQZL4SmRoWVwxwANCss
孤獨 搖滾,孤獨搖滾！ OP ED OST,3kUiX4VR4971ukNjAegCuG,https://open.spotify.com/playlist/3kUiX4VR4971ukNjAegCuG
孤獨 搖滾,超好聽日文歌 日本動漫歌,08z9xoyVBkavl1FTvzPU61,https://open.spotify.com/playlist/08z9xoyVBkavl1FTvzPU61
孤獨 搖滾,【總集篇歌曲 新增！】孤獨搖滾！,20GZfqL6P7hmLfOTnXSEEo,https://open.spotify.com/playlist/20GZfqL6P7hmLfOTnXSEEo
孤獨 嘻哈,Hip Hop V - 嘻哈寶典 Give Me 5,31MGSeLlhBXauLCUSw7D7n,https://open.spotify.com/playlist/31MGSeLlhBXauLCUSw7D7n
孤獨 嘻哈,NCT 127 HIP-HOP TRACKS ♪,4eaUB4Xw0QuWawk1WywVgO,https://open.spotify.com/playlist/4eaUB4Xw0QuWawk1WywVgO
孤獨 嘻哈,「失序場」不藏私音樂清單,4bvtIuKDYlaUUEsfPxQ128,https://open.spotify.com/playlist/4bvtIuKDYlaUUEsfPxQ128
孤獨 電子,最受歡迎香港中文歌曲 Top Hong Kong Chinese Songs,5gszyFVE6AiwcomCpYMFxZ,https://open.spotify.com/playlist/5gszyFVE6AiwcomCpYMFxZ
孤獨 民謠,最好聽閩南台語歌曲 Best Minnan Hokkien and Taiwanese Songs,7IewS40UX5iWouGGCSU3V0,https://open.spotify.com/playlist/7IewS40UX5iWouGGCSU3V0
孤獨 民謠,北歐櫥窗 × 林貓王：好自在的居家音樂,0070i9QptHTNqi2DFwsDFU,https://open.spotify.com/playlist/0070i9QptHTNqi2DFwsDFU
孤獨 民謠,大半夜趕報告趕作品很煩捏,2skLicYQzXeXarWsXUcmjV,https://open.spotify.com/playlist/2skLicYQzXeXarWsXUcmjV
孤獨 民謠,原創歌曲 Original Song | Jesse T,0ISaaqWJP0LI3lGTJokbNT,https://open.spotify.com/playlist/0ISaaqWJP0LI3lGTJokbNT
孤獨 古典,【中國風】超好聽的中國古典音樂 (古箏、琵琶、竹笛、二胡) 中國風純音樂的獨特韻味 - 古箏音樂 放鬆心情 安靜音樂 长笛音乐结合古筝 - Traditional Chinese Music,4hWHalElsbaYY1UOEwyIXA,https://open.spotify.com/playlist/4hWHalElsbaYY1UOEwyIXA
孤獨 古典,【中國風】超好聽的中國古典音樂 (古箏、琵琶、竹笛、二胡) 中國風純音樂的獨特韻味 - 古箏音樂 放鬆心情 安靜音樂 长笛音乐结合古筝 - Traditional Chinese Music,7dEPIx3TjmdliULZv9P7D4,https://open.spotify.com/playlist/7dEPIx3TjmdliULZv9P7D4
孤獨 古典,琵琶獨奏,4pOe0MknhxuPBb91GfuNzU,https://open.spotify.com/playlist/4pOe0MknhxuPBb91GfuNzU
孤獨 古典,DECCA古典．留聲傳奇,2RhywhH5ceKq88QWDxh6fb,https://open.spotify.com/playlist/2RhywhH5ceKq88QWDxh6fb
孤獨 古典,久石讓難忘的音樂 2025  Music by Joe Hisaishi,5A4CG6C9QEOZBi8MEKeOj5,https://open.spotify.com/playlist/5A4CG6C9QEOZBi8MEKeOj5
孤獨 爵士,爵士小酒館,6LX7rhdp7WRa2g9NqW2cL0,https://open.spotify.com/playlist/6LX7rhdp7WRa2g9NqW2cL0
孤獨 爵士,中文爵士流行歌曲 2024 Chinese Pop Jazz,2kjlC6o0e1pc32QPbulYem,https://open.spotify.com/playlist/2kjlC6o0e1pc32QPbulYem
孤獨 爵士,Retro Chinese City Pop: 復古風中文城市流行 中文citypop,1rgJawBh8VlriQFKXxYoRC,https://open.spotify.com/playlist/1rgJawBh8VlriQFKXxYoRC
孤獨 爵士,頹頹精選,5P0rNCi9C0uBEpodojyN7L,https://open.spotify.com/playlist/5P0rNCi9C0uBEpodojyN7L
孤獨 爵士,最受歡迎香港中文歌曲 Top Hong Kong Chinese Songs,5gszyFVE6AiwcomCpYMFxZ,https://open.spotify.com/playlist/5gszyFVE6AiwcomCpYMFxZ
孤獨 藍調,蔡健雅 _情歌精選,6ATgi9h7pxWWr4x67qpepy,https://open.spotify.com/playlist/6ATgi9h7pxWWr4x67qpepy
孤獨 藍調,超好聽日文歌 日本動漫歌,08z9xoyVBkavl1FTvzPU61,https://open.spotify.com/playlist/08z9xoyVBkavl1FTvzPU61
孤獨 藍調,都是我喜歡的歌而且跟我的人生一樣亂成一團,4YA6AQKseWnu3Uze7EfOKE,https://open.spotify.com/playlist/4YA6AQKseWnu3Uze7EfOKE
孤獨 藍調,[KKBOX]ㄧ個人的孤單，靜靜地聽歌就沒事了。 / 2024-12-27,7qQtpaVDfT7HupuUHC3VZT,https://open.spotify.com/playlist/7qQtpaVDfT7HupuUHC3VZT
孤獨 藍調,跟著🅐🅛🅘好好玩《創意鍵盤》圈圈Ｉ,1lcx7AtT4Cjg0SHpPs77k5,https://open.spotify.com/playlist/1lcx7AtT4Cjg0SHpPs77k5
孤獨 R&B,手持冰咖啡散步東京（隨時更新）,6saBjWhUZOBeSsUuVVfhP1,https://open.spotify.com/playlist/6saBjWhUZOBeSsUuVVfhP1
孤獨 R&B,英文抒情R&B,5PbJPOYZclXdzcvD22jq4P,https://open.spotify.com/playlist/5PbJPOYZclXdzcvD22jq4P
孤獨 R&B,台灣流行歌曲鋼琴音樂 Taiwan Pop Piano Instrumental,3FUFVoC4VnwiMNmE7jbOUm,https://open.spotify.com/playlist/3FUFVoC4VnwiMNmE7jbOUm
孤獨 靈魂,爵士小酒館,6LX7rhdp7WRa2g9NqW2cL0,https://open.spotify.com/playlist/6LX7rhdp7WRa2g9NqW2cL0
孤獨 靈魂,時代少年團     TF3代   T.O.P登陸少年組合（all ）（我把ㄧ些無法播放的音檔刪了所以現在變成只有67小時多而已）,6GCNanmztNGOwj89tzakvI,https://open.spotify.com/playlist/6GCNanmztNGOwj89tzakvI
孤獨 靈魂,Dark Melody - Horror  Artistic inspiration 萬物沉寂 (Painting Use)  Creepy Music,3HTCuhh6vi7YrYnr4JhrgU,https://open.spotify.com/playlist/3HTCuhh6vi7YrYnr4JhrgU
孤獨 鋼琴,ㄧ個人的孤單，靜靜地聽歌就沒事了。 #獨處 #安靜,5A1UdWLfrdCWaIIJN8AQId,https://open.spotify.com/playlist/5A1UdWLfrdCWaIIJN8AQId
孤獨 鋼琴,[KKBOX]ㄧ個人的孤單，靜靜地聽歌就沒事了。 / 2024-12-27,7qQtpaVDfT7HupuUHC3VZT,https://open.spotify.com/playlist/7qQtpaVDfT7HupuUHC3VZT
孤獨 鋼琴,20221219 鋼琴巨星趙成珍獨奏會,1sWm0uAZ49E8trm4FLF0pM,https://open.spotify.com/playlist/1sWm0uAZ49E8trm4FLF0pM
孤獨 吉他,Taiwanese Bands,1ZbgXWRpYTcbfsZbGbpVfF,https://open.spotify.com/playlist/1ZbgXWRpYTcbfsZbGbpVfF
孤獨 獨立音樂,獨立新浪潮,4z0LnJTeb1BS0b6gxqvXyx,https://open.spotify.com/playlist/4z0LnJTeb1BS0b6gxqvXyx
孤獨 獨立音樂,獨立樂團不用滑,3jH7xQn0Ygl0E24RsMV5ay,https://open.spotify.com/playlist/3jH7xQn0Ygl0E24RsMV5ay
孤獨 獨立音樂,台語獨立音樂,2yi7bC507noiiUJ2GpuZ9D,https://open.spotify.com/playlist/2yi7bC507noiiUJ2GpuZ9D
自由 流行,中国民谣,1TvINqCKSAJo87PgoTMwB9,https://open.spotify.com/playlist/1TvINqCKSAJo87PgoTMwB9
自由 流行,Aiuanyu 愛灣語流行電臺,5X2giMLXlE2YWj3ZoRMk3U,https://open.spotify.com/playlist/5X2giMLXlE2YWj3ZoRMk3U
自由 流行,自由,5IKZCDGSJoZ2fMDpw1vHyy,https://open.spotify.com/playlist/5IKZCDGSJoZ2fMDpw1vHyy
自由 流行,邦ロック好きなら知っておくべき注目バンド,6izk38gP5syQf12BrtKnD0,https://open.spotify.com/playlist/6izk38gP5syQf12BrtKnD0
自由 流行,準備中に聞きたい,4ePmeFKx5knk2j22lKaCl2,https://open.spotify.com/playlist/4ePmeFKx5knk2j22lKaCl2
自由 古典,古典音律｜｜汉尼拔的深夜食堂,4K0smTNZELUs5cUa2vWaD7,https://open.spotify.com/playlist/4K0smTNZELUs5cUa2vWaD7
自由 古典,✨浪漫主义与星辰海波,30yyY8QqgovmlT9dOYXcn3,https://open.spotify.com/playlist/30yyY8QqgovmlT9dOYXcn3
自由 爵士,爵士小酒館,6LX7rhdp7WRa2g9NqW2cL0,https://open.spotify.com/playlist/6LX7rhdp7WRa2g9NqW2cL0
自由 爵士,器乐爵士|演奏的自由,6o5ezFzQUYFAeuC3T87MNW,https://open.spotify.com/playlist/6o5ezFzQUYFAeuC3T87MNW
自由 爵士,自由爵士,7gKX5OIFlpMNbC0nJIeA97,https://open.spotify.com/playlist/7gKX5OIFlpMNbC0nJIeA97
自由 爵士,村上春樹の爵士情緣,4UQWsmof1IOpferYwlm9PG,https://open.spotify.com/playlist/4UQWsmof1IOpferYwlm9PG
自由 藍調,茄子蛋 EggPlantEgg｜必聽精選 TOP HITS,6eLXSGcyDZtOJUoIt9Fv4d,https://open.spotify.com/playlist/6eLXSGcyDZtOJUoIt9Fv4d
自由 R&B,進撃の巨人/進擊的巨人 OP&ED全曲,7e14hoSgwTY0wxnyVYiLTX,https://open.spotify.com/playlist/7e14hoSgwTY0wxnyVYiLTX
自由 R&B,英文抒情R&B,5PbJPOYZclXdzcvD22jq4P,https://open.spotify.com/playlist/5PbJPOYZclXdzcvD22jq4P
自由 舞曲,🎵自由舞曲🎵,7okMPfERgbhNSlBZfJUsDx,https://open.spotify.com/playlist/7okMPfERgbhNSlBZfJUsDx
自由 舞曲,✨浪漫主义与星辰海波,30yyY8QqgovmlT9dOYXcn3,https://open.spotify.com/playlist/30yyY8QqgovmlT9dOYXcn3
自由 鄉村,鄉村呢喃 自由和溫柔,4wm6kEtYlrAEKPI8tahzeI,https://open.spotify.com/playlist/4wm6kEtYlrAEKPI8tahzeI
自由 靈魂,爵士小酒館,6LX7rhdp7WRa2g9NqW2cL0,https://open.spotify.com/playlist/6LX7rhdp7WRa2g9NqW2cL0
自由 靈魂,自由靈魂,7eywEfPIXlXUgpXYpyoH1P,https://open.spotify.com/playlist/7eywEfPIXlXUgpXYpyoH1P
自由 靈魂,《哲仁王后》韓劇原聲帶,4E0eQmgxcGO522SuUXuQ3T,https://open.spotify.com/playlist/4E0eQmgxcGO522SuUXuQ3T
自由 獨立音樂,獨立樂團不用滑,3jH7xQn0Ygl0E24RsMV5ay,https://open.spotify.com/playlist/3jH7xQn0Ygl0E24RsMV5ay
自由 獨立音樂,獨立樂團 - 2024,7Ag2hD5Yb0RIWUU6WLciLG,https://open.spotify.com/playlist/7Ag2hD5Yb0RIWUU6WLciLG
自由 獨立音樂,獨立新浪潮,4z0LnJTeb1BS0b6gxqvXyx,https://open.spotify.com/playlist/4z0LnJTeb1BS0b6gxqvXyx
自由 獨立音樂,台灣獨立樂團 Taiwan Indie,3upyMrBS7dcAzBzFznQIRs,https://open.spotify.com/playlist/3upyMrBS7dcAzBzFznQIRs
釋放 流行,最好聽翻唱歌曲 Best Chinese Cover Songs,0qjQFOmCLgm9xomrzEWqSF,https://open.spotify.com/playlist/0qjQFOmCLgm9xomrzEWqSF
釋放 流行,治愈中英文流行鋼琴音樂 Soothing Piano Cover Mandarin & English Pop Songs 🎹,5MEfvlwXt4IHykG1twWwRO,https://open.spotify.com/playlist/5MEfvlwXt4IHykG1twWwRO
釋放 流行,任然好聽歌,2cUgJibLVRJny5waoWfoBL,https://open.spotify.com/playlist/2cUgJibLVRJny5waoWfoBL
釋放 搖滾,最好聽翻唱歌曲 Best Chinese Cover Songs,0qjQFOmCLgm9xomrzEWqSF,https://open.spotify.com/playlist/0qjQFOmCLgm9xomrzEWqSF
釋放 民謠,最好聽翻唱歌曲 Best Chinese Cover Songs,0qjQFOmCLgm9xomrzEWqSF,https://open.spotify.com/playlist/0qjQFOmCLgm9xomrzEWqSF
釋放 古典,馬友友 Yo-Yo Ma 古典主打星,0cEJhpoIEJ2jfFfjS4mXF1,https://open.spotify.com/playlist/0cEJhpoIEJ2jfFfjS4mXF1
釋放 爵士,爵士小酒館,6LX7rhdp7WRa2g9NqW2cL0,https://open.spotify.com/playlist/6LX7rhdp7WRa2g9NqW2cL0
釋放 爵士,最好聽翻唱歌曲 Best Chinese Cover Songs,0qjQFOmCLgm9xomrzEWqSF,https://open.spotify.com/playlist/0qjQFOmCLgm9xomrzEWqSF
釋放 爵士,馬友友 Yo-Yo Ma 古典主打星,0cEJhpoIEJ2jfFfjS4mXF1,https://open.spotify.com/playlist/0cEJhpoIEJ2jfFfjS4mXF1
釋放 藍調,我們心裡的梁靜茹：陪我們為愛傷痛，愛過的情歌。,4LhPdUZmJsjcFNFuhBxccR,https://open.spotify.com/playlist/4LhPdUZmJsjcFNFuhBxccR
釋放 藍調,iX1-TWC 夢幻女聲,5AbWuuhXbmtefinBXjb2VI,https://open.spotify.com/playlist/5AbWuuhXbmtefinBXjb2VI
釋放 R&B,最好聽翻唱歌曲 Best Chinese Cover Songs,0qjQFOmCLgm9xomrzEWqSF,https://open.spotify.com/playlist/0qjQFOmCLgm9xomrzEWqSF
釋放 R&B,英文抒情R&B,5PbJPOYZclXdzcvD22jq4P,https://open.spotify.com/playlist/5PbJPOYZclXdzcvD22jq4P
釋放 R&B,治愈中英文流行鋼琴音樂 Soothing Piano Cover Mandarin & English Pop Songs 🎹,5MEfvlwXt4IHykG1twWwRO,https://open.spotify.com/playlist/5MEfvlwXt4IHykG1twWwRO
釋放 靈魂,爵士小酒館,6LX7rhdp7WRa2g9NqW2cL0,https://open.spotify.com/playlist/6LX7rhdp7WRa2g9NqW2cL0
釋放 靈魂,心靈安定劑,01GUkb3lNrOddMBHqI3AlL,https://open.spotify.com/playlist/01GUkb3lNrOddMBHqI3AlL
釋放 靈魂,靈魂釋放,5cdmbRCIWoGWphS0l8Ff8r,https://open.spotify.com/playlist/5cdmbRCIWoGWphS0l8Ff8r
釋放 吉他,滾石40撞樂隊 翻唱與原唱 完整合輯,7qYhwZkhGucu2AXQ9d1x85,https://open.spotify.com/playlist/7qYhwZkhGucu2AXQ9d1x85
幸福 流行,七年級生的華語回憶電台,5Nbcat9lhErd51SB5Uvz7B,https://open.spotify.com/playlist/5Nbcat9lhErd51SB5Uvz7B
幸福 流行,中国民谣,1TvINqCKSAJo87PgoTMwB9,https://open.spotify.com/playlist/1TvINqCKSAJo87PgoTMwB9
幸福 流行,悲伤情歌 Top Hit Mandarin Songs 2024 - 最新流行好听伤心歌曲,6cjUZ0GhLFYsOA09Yj5DBa,https://open.spotify.com/playlist/6cjUZ0GhLFYsOA09Yj5DBa
幸福 嘻哈,Hip Hop Luv(嘻哈寶典談戀愛),7xaxlv2xZDEUlsBpulbXgT,https://open.spotify.com/playlist/7xaxlv2xZDEUlsBpulbXgT
幸福 電子,Hip Hop Luv(嘻哈寶典談戀愛),7xaxlv2xZDEUlsBpulbXgT,https://open.spotify.com/playlist/7xaxlv2xZDEUlsBpulbXgT
幸福 古典,為自己的幸福加油 輕鬆古典,4IUXZ6dvNyciQ6E6ODDPGA,https://open.spotify.com/playlist/4IUXZ6dvNyciQ6E6ODDPGA
幸福 藍調,周興哲（如果雨之後-愛在身邊-愛 教會我們的事-學著愛)+Eric編曲,0NcKYwcUIwRlyF9QX5uV9G,https://open.spotify.com/playlist/0NcKYwcUIwRlyF9QX5uV9G
幸福 藍調,Hip Hop Luv(嘻哈寶典談戀愛),7xaxlv2xZDEUlsBpulbXgT,https://open.spotify.com/playlist/7xaxlv2xZDEUlsBpulbXgT
幸福 藍調,这或许就是人生,5ww5btfcN0cCcAYzJ22yts,https://open.spotify.com/playlist/5ww5btfcN0cCcAYzJ22yts
幸福 R&B,梁文音｜情歌精選,1OgmKEXNAubFBdl226XSGB,https://open.spotify.com/playlist/1OgmKEXNAubFBdl226XSGB
幸福 R&B,英文抒情R&B,5PbJPOYZclXdzcvD22jq4P,https://open.spotify.com/playlist/5PbJPOYZclXdzcvD22jq4P
幸福 靈魂,Hip Hop Luv(嘻哈寶典談戀愛),7xaxlv2xZDEUlsBpulbXgT,https://open.spotify.com/playlist/7xaxlv2xZDEUlsBpulbXgT
幸福 獨立音樂,獨立樂團不用滑,3jH7xQn0Ygl0E24RsMV5ay,https://open.spotify.com/playlist/3jH7xQn0Ygl0E24RsMV5ay
成長 流行,陪七八年級生長大的歌,3kKALvUubtPlq1Mioobwgt,https://open.spotify.com/playlist/3kKALvUubtPlq1Mioobwgt
成長 流行,七年級生台灣流行 Mando Pop,3VvRxmhU0xoR8KdhE5EP6m,https://open.spotify.com/playlist/3VvRxmhU0xoR8KdhE5EP6m
成長 流行,陪著90後成長的廣東流行曲,5HLHXnZdVGdDaY6gS5fb6e,https://open.spotify.com/playlist/5HLHXnZdVGdDaY6gS5fb6e
成長 流行,陪著90後成長的廣東流行曲,6my2wZwvHL3y8VraczNATW,https://open.spotify.com/playlist/6my2wZwvHL3y8VraczNATW
成長 流行,陪著90後成長的廣東流行曲:12/1/2023,4ZJ0GfjkqArrV534A0dlb9,https://open.spotify.com/playlist/4ZJ0GfjkqArrV534A0dlb9
成長 民謠,原創歌曲 Original Song | Jesse T,0ISaaqWJP0LI3lGTJokbNT,https://open.spotify.com/playlist/0ISaaqWJP0LI3lGTJokbNT
成長 古典,寶寶潛能開發音樂 胎教古典音樂  Baby Brain Development Music ＆  Pregnancy Music,5jDPDRS4XaqwecgrsdpFrO,https://open.spotify.com/playlist/5jDPDRS4XaqwecgrsdpFrO
成長 藍調,愛唱歌親子演唱會《米卡勇闖魔法夢奇地》,5J34xnU4i8pEGKBhAzPXAl,https://open.spotify.com/playlist/5J34xnU4i8pEGKBhAzPXAl
成長 藍調,《 俗女養成記2 》俗女2  完整台劇原聲帶 OST ,5FBEgiXmjDefAkyuTHxnw4,https://open.spotify.com/playlist/5FBEgiXmjDefAkyuTHxnw4
成長 藍調,六年級愛情歌,5UUyHVtfu28RDtnS6uxpMX,https://open.spotify.com/playlist/5UUyHVtfu28RDtnS6uxpMX
成長 藍調,🇨🇳 神隱 OST,5EsGGd4JDDrHrpnDUZsPF0,https://open.spotify.com/playlist/5EsGGd4JDDrHrpnDUZsPF0
成長 藍調,微涼之夏「商業電台65週年廣播劇」Soundtrack,0lEYjx7Et1qhKtXanXllkv,https://open.spotify.com/playlist/0lEYjx7Et1qhKtXanXllkv
成長 R&B,愛唱歌親子演唱會《米卡勇闖魔法夢奇地》,5J34xnU4i8pEGKBhAzPXAl,https://open.spotify.com/playlist/5J34xnU4i8pEGKBhAzPXAl
成長 環境音樂,寶寶潛能開發音樂 胎教古典音樂  Baby Brain Development Music ＆  Pregnancy Music,5jDPDRS4XaqwecgrsdpFrO,https://open.spotify.com/playlist/5jDPDRS4XaqwecgrsdpFrO
成長 獨立音樂,原創歌曲 Original Song | Jesse T,0ISaaqWJP0LI3lGTJokbNT,https://open.spotify.com/playlist/0ISaaqWJP0LI3lGTJokbNT
